route_id,bus_number,driver_name,departure_time,arrival_time,passenger_count,fare_amount,bus_stop_names,delay_duration,weather_condition,
1,430,Ravid Snaddon,9:22 AM,7:29 AM,42,Yuan Renminbi,Elm Road,13,Sunny,
2,798,Alidia Hucklesby,2:05 AM,5:11 AM,2,Kuna,Main Street,33,Snowy,
3,819,Ossie Harber,8:31 PM,8:31 AM,47,Yen,Main Street,39,Sunny,
4,469,Rory Verlinden,1:06 PM,12:03 AM,18,Yuan Renminbi,Elm Road,29,Sunny,
5,646,Thorin Basant,5:33 PM,5:38 AM,30,Euro,Main Street,42,Snowy,
6,252,Callida Birk,2:36 AM,8:25 PM,44,Lempira,Main Street,24,Sunny,
7,984,Marquita Barbara,2:59 AM,9:50 AM,22,Shekel,Park Avenue,31,Rainy,
8,324,Kennett Sawyers,3:50 AM,3:19 AM,49,Rupiah,Main Street,44,Sunny,
9,996,Martino Payze,5:33 AM,10:18 AM,24,Real,Elm Road,18,Sunny,
10,631,Phillida Jory,10:27 AM,3:23 AM,31,Bolivar,Park Avenue,40,Rainy,
11,844,Gustave Parram,2:04 PM,5:27 PM,15,Zloty,Elm Road,6,Rainy,
12,277,Rob Falconbridge,2:36 AM,11:46 PM,26,Peso,Elm Road,33,Rainy,
13,897,Rodney Sawrey,10:43 AM,1:06 PM,37,Yuan Renminbi,Main Street,24,Snowy,
14,713,Gibb Fyndon,7:16 AM,9:55 AM,40,Euro,Main Street,12,Sunny,
15,176,Mylo Diaper,7:06 AM,1:59 AM,4,Yuan Renminbi,Elm Road,27,Snowy,
16,800,Corabella Carville,7:36 AM,8:29 PM,49,Dollar,Main Street,57,Snowy,
17,498,Martelle Aspden,10:32 PM,11:29 PM,33,Yuan Renminbi,Park Avenue,59,Sunny,
18,497,Inessa Nicklinson,12:01 PM,11:57 PM,41,Peso,Park Avenue,32,Sunny,
19,20,Gaston Riccio,5:43 PM,1:58 PM,30,Yuan Renminbi,Park Avenue,58,Rainy,
20,809,James Winsor,10:44 PM,3:27 AM,45,Koruna,Elm Road,9,Snowy,
21,853,Hershel Ashplant,3:04 AM,10:15 PM,19,Yuan Renminbi,Elm Road,25,Rainy,
22,922,Allene Barnewille,1:02 PM,3:04 PM,8,Yuan Renminbi,Elm Road,5,Sunny,
23,238,Meara McAree,8:42 PM,7:51 PM,9,Zloty,Elm Road,59,Snowy,
24,942,Sandie Muino,3:36 PM,4:01 PM,37,Pula,Park Avenue,53,Snowy,
25,143,Evyn Evens,9:48 PM,5:08 PM,7,Peso,Park Avenue,10,Snowy,
26,620,Ashla Obey,7:23 PM,4:48 PM,40,Rial,Park Avenue,17,Rainy,
27,716,Malissa O'Riordan,12:21 PM,11:07 PM,16,Real,Elm Road,22,Rainy,
28,257,Elvina Lucock,6:14 AM,11:47 AM,44,Yen,Main Street,32,Snowy,
29,428,Ofilia Pirouet,5:49 PM,6:09 AM,41,Euro,Elm Road,21,Rainy,
30,547,Pauly Lambie,3:38 AM,7:14 AM,36,Yuan Renminbi,Park Avenue,0,Snowy,
31,875,Darn Ferrarini,4:45 AM,9:21 PM,11,Rupiah,Elm Road,12,Rainy,
32,668,Jessee Firk,3:50 PM,6:05 AM,13,Real,Main Street,2,Snowy,
33,233,Angelika Falvey,2:57 AM,10:26 PM,31,Yuan Renminbi,Park Avenue,17,Snowy,
34,581,Shanan Escolme,4:02 AM,7:07 AM,17,Euro,Elm Road,37,Snowy,
35,190,Alastair Lemmers,8:31 PM,1:13 PM,38,Birr,Elm Road,10,Rainy,
36,45,Anselma Stump,1:45 PM,5:40 PM,24,Marka,Park Avenue,26,Sunny,
37,691,Welsh Filewood,3:27 AM,12:09 PM,18,Shekel,Elm Road,42,Sunny,
38,491,Keene Wilden,9:26 PM,8:36 PM,40,Balboa,Park Avenue,31,Rainy,
39,283,Pansy Lyne,3:20 AM,4:32 PM,40,Baht,Main Street,26,Rainy,
40,868,Verla Vick,3:35 PM,12:05 PM,33,Yuan Renminbi,Main Street,21,Rainy,
41,388,Bobbee Gallop,8:47 AM,7:26 PM,3,Dollar,Main Street,3,Sunny,
42,203,Matt Ginni,1:46 AM,7:08 AM,2,Euro,Park Avenue,17,Sunny,
43,600,Leonore Kleinerman,6:07 AM,7:18 AM,2,Ruble,Elm Road,5,Rainy,
44,69,Tamas Veldens,3:25 PM,7:44 AM,15,Real,Main Street,27,Rainy,
45,448,Spense Whatham,4:58 PM,9:10 AM,27,Yuan Renminbi,Elm Road,60,Snowy,
46,501,Harlie Willes,8:15 PM,12:59 PM,40,Rupiah,Elm Road,57,Snowy,
47,314,Dorthy Vanyukhin,6:30 PM,2:59 PM,15,Shekel,Main Street,9,Rainy,
48,363,Wright Dowdall,8:12 AM,9:28 AM,27,Real,Elm Road,42,Sunny,
49,204,Alysa Brayfield,3:24 AM,5:57 AM,20,Euro,Main Street,20,Rainy,
50,384,Olivie McMackin,1:41 AM,7:02 AM,50,Yuan Renminbi,Elm Road,12,Sunny,
51,289,Mirna Birrane,7:21 AM,9:06 AM,29,Rupiah,Main Street,50,Rainy,
52,270,Tades Lombardo,9:23 PM,7:04 AM,36,Euro,Elm Road,18,Sunny,
53,931,Jorge Trangmar,5:53 AM,1:51 PM,23,Euro,Elm Road,46,Rainy,
54,509,Tibold Figg,6:57 AM,10:21 AM,17,Ruble,Park Avenue,55,Rainy,
55,505,Jandy Simmank,12:22 PM,2:17 AM,6,Baht,Park Avenue,19,Sunny,
56,835,Jacquie Padley,12:11 AM,4:33 PM,13,Euro,Elm Road,37,Sunny,
57,875,Sylas Limb,6:17 AM,10:17 AM,50,Hryvnia,Elm Road,29,Rainy,
58,34,Veronike Dougan,11:34 AM,11:26 PM,25,Dollar,Elm Road,60,Sunny,
59,165,Burl Hackford,2:49 AM,4:36 PM,33,Dinar,Main Street,60,Snowy,
60,164,Jeanne Murra,6:04 PM,3:00 PM,13,Franc,Elm Road,0,Rainy,
61,564,Sly MacKonochie,3:09 PM,11:16 AM,49,Balboa,Elm Road,3,Snowy,
62,555,Griffy Larkcum,6:11 AM,9:29 AM,17,Baht,Main Street,5,Snowy,
63,592,Kiersten Gwioneth,11:28 AM,8:11 PM,33,Dram,Main Street,46,Sunny,
64,593,Fitz Mollatt,5:54 AM,8:10 PM,37,Zloty,Park Avenue,43,Sunny,
65,684,Lutero Giacomuzzo,7:03 PM,6:44 PM,0,Rupiah,Elm Road,40,Snowy,
66,390,Ignatius Hallad,9:27 PM,7:39 PM,20,Real,Main Street,13,Sunny,
67,666,Blair Bolens,12:21 AM,6:06 AM,30,Ruble,Main Street,22,Snowy,
68,142,Fidel Danzelman,3:02 AM,4:49 PM,37,Dollar,Park Avenue,58,Rainy,
69,672,Blanca Riccardelli,5:41 PM,11:07 PM,5,Yuan Renminbi,Park Avenue,2,Sunny,
70,544,Barthel Seeborne,1:08 PM,2:13 PM,4,Ruble,Elm Road,42,Sunny,
71,891,Holly Jenks,12:29 AM,6:01 PM,22,Rial,Main Street,48,Snowy,
72,129,Ximenez Ferber,11:54 PM,8:46 AM,28,Yuan Renminbi,Main Street,1,Rainy,
73,335,Albertine Cornils,2:11 AM,1:53 AM,45,Dollar,Elm Road,33,Rainy,
74,685,Sherlock Seignior,12:06 AM,4:23 AM,7,Real,Park Avenue,13,Rainy,
75,216,Durward Kellie,7:54 AM,3:04 AM,14,Krone,Elm Road,26,Rainy,
76,498,Massimo Kuhlen,6:49 AM,2:58 PM,1,Rupiah,Park Avenue,1,Rainy,
77,305,Tuck Caroline,6:39 AM,8:35 AM,33,Ngultrum,Main Street,18,Snowy,
78,987,Dorri Syncke,1:31 AM,8:00 PM,41,Koruna,Main Street,3,Snowy,
79,840,Tamqrah Trayhorn,4:03 PM,3:35 AM,43,Dollar,Park Avenue,35,Sunny,
80,411,Serge Trevaskus,8:27 AM,7:17 AM,1,Ruble,Park Avenue,36,Snowy,
81,404,Caria Cosby,5:23 AM,8:02 PM,43,Peso,Main Street,16,Snowy,
82,417,Nan Plunket,2:12 PM,10:14 PM,33,Dollar,Main Street,47,Sunny,
83,893,Maegan Redferne,1:56 PM,5:22 PM,32,Yuan Renminbi,Park Avenue,34,Snowy,
84,840,Francois Dore,6:26 PM,12:40 PM,31,Euro,Main Street,7,Sunny,
85,867,Tamma Quirk,8:03 AM,3:04 PM,20,Rupiah,Park Avenue,45,Rainy,
86,265,Ainsley Wickham,3:56 AM,6:53 PM,35,Real,Main Street,7,Rainy,
87,661,Regen Done,3:19 PM,2:08 AM,23,Yuan Renminbi,Main Street,29,Sunny,
88,212,Constantin Wolfer,12:56 PM,8:12 PM,11,Euro,Main Street,39,Snowy,
89,858,Flemming Brumfield,6:50 AM,9:14 AM,4,Euro,Elm Road,6,Snowy,
90,790,Ara Dunstan,12:12 AM,2:03 PM,25,Real,Elm Road,20,Snowy,
91,206,Nonah Bryceson,4:22 AM,8:54 PM,16,Euro,Elm Road,19,Snowy,
92,169,Hobard O'Lagene,6:01 PM,2:38 PM,15,Euro,Main Street,29,Snowy,
93,641,Edsel Creighton,9:19 PM,4:34 PM,7,Yuan Renminbi,Elm Road,45,Snowy,
94,351,Ford O'Geaney,3:03 PM,6:46 PM,7,Peso,Main Street,8,Rainy,
95,74,Vickie Rabier,6:51 PM,11:50 AM,29,Ruble,Elm Road,60,Sunny,
96,712,Lolita Tixall,7:05 AM,2:51 AM,44,Yuan Renminbi,Elm Road,37,Snowy,
97,430,Alphard Rein,10:44 PM,12:49 PM,24,Yuan Renminbi,Park Avenue,31,Snowy,
98,243,Erhard Runnacles,1:37 PM,12:54 AM,44,Krona,Main Street,38,Snowy,
99,71,Krispin Becke,11:09 AM,6:58 PM,4,Peso,Elm Road,49,Sunny,
100,646,Fernanda Le Grand,6:04 AM,9:55 AM,41,Ouguiya,Main Street,42,Sunny,
101,864,Noreen Samsonsen,1:04 PM,4:10 AM,32,Pound,Main Street,37,Rainy,
102,264,Maryellen Giroldo,11:23 AM,4:37 PM,28,Rupiah,Elm Road,27,Sunny,
103,215,Bennie Berthouloume,3:17 AM,8:07 PM,42,Yuan Renminbi,Elm Road,50,Rainy,
104,725,Magdaia Punyer,6:13 PM,8:07 PM,27,Koruna,Park Avenue,12,Snowy,
105,417,Marty Farnfield,12:21 PM,3:44 PM,6,Hryvnia,Main Street,21,Sunny,
106,591,Mayer Abrahmer,5:23 AM,10:56 AM,4,Zloty,Main Street,15,Snowy,
107,989,Keene Di Napoli,11:46 AM,2:34 PM,13,Euro,Elm Road,38,Rainy,
108,899,Gennifer Elsegood,10:01 PM,3:42 AM,30,Krona,Main Street,59,Snowy,
109,698,Orren Eginton,11:31 AM,11:39 AM,28,Krona,Elm Road,19,Snowy,
110,120,Jonie Danett,11:12 AM,5:12 AM,35,Krona,Park Avenue,35,Rainy,
111,886,Bo Liddell,10:03 AM,6:50 PM,31,Real,Main Street,23,Snowy,
112,6,Randolf Shuttell,6:49 AM,7:22 AM,40,Rand,Main Street,12,Snowy,
113,937,Bogey Reditt,5:00 AM,2:21 AM,0,Cordoba,Park Avenue,35,Rainy,
114,80,Lanna Anstice,5:41 PM,5:03 AM,46,Peso,Main Street,22,Sunny,
115,557,Eugenie McCurrie,5:41 AM,11:41 PM,18,Yuan Renminbi,Park Avenue,56,Snowy,
116,101,Lon Vallery,11:45 AM,6:07 AM,48,Pound,Park Avenue,53,Rainy,
117,573,Hashim Teck,2:19 PM,11:31 AM,14,Zloty,Main Street,21,Sunny,
118,132,Chariot Jurick,8:10 AM,3:17 AM,23,Hryvnia,Main Street,29,Rainy,
119,122,Conny Vedenyapin,3:31 AM,6:03 AM,18,Zloty,Park Avenue,3,Sunny,
120,24,Allie Chestle,10:23 PM,1:45 PM,13,Yuan Renminbi,Park Avenue,59,Rainy,
121,371,Betti Dodsworth,1:46 PM,1:20 AM,11,Real,Park Avenue,57,Snowy,
122,979,Carolan Norcliff,7:19 AM,11:28 PM,33,Bolivar,Elm Road,48,Snowy,
123,15,Cesar Crosseland,2:28 PM,12:13 PM,23,Ruble,Main Street,53,Snowy,
124,268,Rosemaria Chandlar,9:21 PM,2:10 PM,34,Peso,Main Street,58,Sunny,
125,723,Bonnie Phelit,8:30 PM,2:53 PM,8,Dollar,Park Avenue,58,Snowy,
126,527,Helen-elizabeth Fitzsimons,8:51 PM,10:36 PM,27,Rupiah,Park Avenue,8,Sunny,
127,271,Desi Pauli,12:31 AM,12:53 AM,22,Ruble,Park Avenue,33,Rainy,
128,179,Eleanore Inwood,11:16 PM,2:29 AM,49,Sol,Elm Road,36,Sunny,
129,661,Benny Wines,12:00 AM,10:03 PM,50,Rupiah,Main Street,52,Rainy,
130,965,Perri Hembrow,5:13 AM,9:47 AM,43,Peso,Elm Road,15,Snowy,
131,589,Georgine McPolin,11:31 PM,7:25 AM,21,Rupiah,Main Street,14,Sunny,
132,873,Zena Bandiera,6:28 AM,9:07 AM,24,Yuan Renminbi,Main Street,54,Sunny,
133,648,Bobbie Aldin,11:54 PM,11:04 PM,41,Rupiah,Park Avenue,32,Sunny,
134,330,Tobe Dutton,9:12 AM,10:07 AM,15,Koruna,Park Avenue,1,Rainy,
135,875,Base Scading,9:47 PM,7:02 PM,12,Euro,Main Street,58,Snowy,
136,437,Kain Roston,11:30 AM,4:31 AM,46,Peso,Elm Road,50,Snowy,
137,404,Dela Kann,7:40 AM,11:43 PM,23,Peso,Park Avenue,0,Rainy,
138,630,Ches Zebedee,3:04 PM,1:59 PM,31,Ruble,Elm Road,58,Sunny,
139,198,Martie Matthiesen,7:15 PM,5:44 AM,12,Yuan Renminbi,Main Street,50,Snowy,
140,71,Lorita Cocke,5:02 AM,9:09 PM,44,Real,Main Street,60,Sunny,
141,92,Merwyn Cholwell,6:49 PM,6:14 AM,50,Dong,Elm Road,57,Sunny,
142,622,Etti Gerauld,10:50 AM,2:57 AM,23,Ruble,Park Avenue,19,Snowy,
143,450,Bax Bloxsome,10:02 AM,5:43 PM,35,Real,Main Street,33,Snowy,
144,759,Englebert Bignall,5:38 PM,4:33 AM,39,Rupiah,Main Street,36,Rainy,
145,995,Koenraad Langhorne,3:47 PM,4:55 PM,17,Euro,Park Avenue,3,Sunny,
146,129,Lauryn Shiliton,9:58 PM,8:51 PM,41,Ruble,Elm Road,23,Snowy,
147,244,Mayer Perago,6:18 AM,1:46 AM,4,Zloty,Elm Road,28,Snowy,
148,594,Roseanna Fursland,11:00 PM,3:08 PM,42,Ringgit,Park Avenue,29,Rainy,
149,391,Morton McLoughlin,5:54 PM,8:44 AM,7,Yuan Renminbi,Park Avenue,56,Snowy,
150,487,Lesly De Zamudio,7:05 PM,8:31 PM,29,Rupiah,Park Avenue,24,Snowy,
151,203,Ceciley Irwin,12:48 AM,3:43 AM,41,Baht,Park Avenue,45,Rainy,
152,148,Marcy Taylor,6:10 AM,12:11 AM,37,Bolivar,Elm Road,45,Snowy,
153,681,Kaitlin Depke,7:33 PM,10:26 PM,0,Rupiah,Main Street,59,Snowy,
154,892,Eran Dudny,6:07 AM,4:47 PM,12,Euro,Park Avenue,16,Sunny,
155,780,Loralee Casiero,3:54 PM,6:55 AM,26,Dollar,Main Street,26,Sunny,
156,747,Shandee Presshaugh,6:41 PM,9:04 PM,32,Rand,Main Street,31,Sunny,
157,312,Dimitri Darter,4:53 AM,11:55 PM,36,Yuan Renminbi,Elm Road,5,Snowy,
158,214,Anderea Cunde,4:33 PM,11:00 PM,3,Yuan Renminbi,Park Avenue,39,Sunny,
159,570,Alicea Hessay,2:48 PM,7:55 PM,26,Dollar,Elm Road,49,Sunny,
160,715,Filide Aronstam,12:32 PM,10:45 AM,45,Guarani,Main Street,0,Snowy,
161,281,Ferdy Peotz,11:04 AM,8:08 AM,20,Yuan Renminbi,Main Street,31,Rainy,
162,528,Corilla Panner,6:44 AM,3:12 AM,35,Dong,Main Street,32,Sunny,
163,783,Gav Pes,2:39 PM,4:59 AM,6,Yuan Renminbi,Park Avenue,15,Sunny,
164,440,Andros Perris,7:23 PM,12:02 PM,16,Ruble,Elm Road,1,Sunny,
165,242,Wandie Gronaver,4:52 AM,12:46 AM,33,Real,Main Street,17,Sunny,
166,448,Jim de Lloyd,7:37 PM,2:40 PM,33,Rupiah,Park Avenue,36,Snowy,
167,281,Tadeas Hanhardt,6:53 PM,4:35 AM,7,Euro,Park Avenue,60,Rainy,
168,143,Nick Yesinin,8:28 PM,8:34 AM,6,Yuan Renminbi,Park Avenue,45,Sunny,
169,16,Thaddus Morit,2:56 AM,6:14 PM,18,Baht,Park Avenue,36,Rainy,
170,112,Reeva Oxnam,4:27 AM,10:11 AM,42,Kwanza,Park Avenue,7,Rainy,
171,477,Bobette Chidgey,8:04 AM,2:55 PM,6,Yuan Renminbi,Park Avenue,49,Snowy,
172,96,Guillema Apdell,7:17 AM,6:07 PM,22,Franc,Park Avenue,44,Snowy,
173,840,Banky Boddington,9:13 AM,11:41 PM,18,Peso,Main Street,2,Snowy,
174,382,Jerrold Cordy,3:15 AM,10:56 PM,32,Peso,Elm Road,41,Sunny,
175,717,Lyndy Stanyon,9:48 AM,2:57 AM,34,Yuan Renminbi,Main Street,49,Sunny,
176,6,Tomkin Cooper,3:41 AM,4:01 AM,26,Dong,Main Street,5,Sunny,
177,978,Tucky Vondracek,5:31 PM,9:42 PM,21,Rupiah,Park Avenue,59,Rainy,
178,419,Shaylah Sparrowhawk,5:54 PM,9:26 AM,18,Real,Elm Road,34,Rainy,
179,323,Myrlene Quantrell,1:47 PM,7:53 AM,31,Rupiah,Elm Road,44,Snowy,
180,188,Juline Castagnone,9:58 AM,2:40 AM,43,Euro,Elm Road,55,Rainy,
181,963,Marget Bree,2:36 PM,6:34 PM,25,Yuan Renminbi,Main Street,39,Snowy,
182,755,Amandie Gehringer,8:51 PM,12:54 AM,35,Dollar,Elm Road,14,Sunny,
183,936,Tulley Downie,6:39 AM,4:31 PM,25,Rupiah,Main Street,1,Rainy,
184,409,Klarrisa Pople,10:18 PM,2:54 PM,46,Dollar,Elm Road,48,Snowy,
185,74,Reinwald Le Marchand,9:40 PM,1:11 PM,30,Euro,Park Avenue,36,Sunny,
186,782,Barret Dyster,9:23 AM,8:12 AM,10,Euro,Elm Road,49,Sunny,
187,298,Viviene Dana,4:31 AM,8:37 PM,39,Zloty,Elm Road,57,Sunny,
188,131,Amanda McClory,8:21 AM,11:44 PM,35,Real,Main Street,23,Sunny,
189,883,Ivan Stairs,7:47 PM,11:55 PM,13,Rupiah,Elm Road,2,Sunny,
190,827,Rochelle Gowenlock,3:49 PM,10:03 PM,45,Rupiah,Elm Road,33,Sunny,
191,630,Wittie Biffen,5:33 AM,1:37 AM,17,Lempira,Elm Road,47,Sunny,
192,381,Kiele Wroath,6:27 PM,5:26 PM,28,Gourde,Main Street,56,Rainy,
193,418,Regan Dennerly,6:29 PM,8:37 PM,24,Dirham,Elm Road,2,Snowy,
194,719,Neddy Alenin,8:35 PM,2:00 AM,2,Euro,Main Street,7,Sunny,
195,403,Bethena Torbett,5:55 PM,4:11 AM,34,Ringgit,Main Street,44,Rainy,
196,954,Courtney Wadesworth,9:31 PM,5:26 PM,26,Rupiah,Elm Road,32,Sunny,
197,4,Arnaldo Fairey,12:46 AM,10:07 AM,10,Ruble,Park Avenue,28,Sunny,
198,493,Boote McLanachan,5:44 AM,8:36 PM,30,Peso,Park Avenue,8,Rainy,
199,204,Doralynn Benaine,9:20 PM,1:54 AM,15,Ruble,Elm Road,16,Snowy,
200,341,Lesli Southcombe,1:42 AM,9:53 AM,41,Lev,Elm Road,48,Rainy,
201,696,Braden Lewty,1:16 PM,9:23 AM,38,Peso,Elm Road,57,Rainy,
202,556,Bernice MacHoste,12:14 AM,2:29 AM,41,Rupiah,Park Avenue,6,Snowy,
203,708,Tatiania Pettman,12:07 PM,7:03 PM,5,Rupiah,Elm Road,18,Sunny,
204,81,Ambrosi Ayars,11:45 PM,4:15 AM,47,Ruble,Main Street,24,Rainy,
205,30,Sacha Paunsford,4:09 AM,1:10 PM,47,Euro,Main Street,29,Rainy,
206,227,Adiana Stockdale,11:39 AM,3:53 PM,30,Yuan Renminbi,Park Avenue,39,Snowy,
207,629,Kasey Brader,6:34 AM,12:18 AM,40,Koruna,Elm Road,50,Sunny,
208,815,Alexandros Kobierzycki,3:17 PM,6:19 PM,43,Bolivar,Main Street,47,Sunny,
209,154,Dorothea Atchly,2:03 PM,10:02 PM,13,Rupiah,Elm Road,60,Sunny,
210,43,Gran Hogbourne,4:34 AM,9:37 PM,33,Zloty,Park Avenue,23,Snowy,
211,137,Aloin Coggin,9:59 PM,1:28 AM,50,Sol,Elm Road,58,Sunny,
212,578,Hedda Barrand,9:22 AM,2:35 PM,42,Dollar,Main Street,57,Sunny,
213,489,Ced Keddle,11:02 AM,4:08 AM,30,Lek,Main Street,40,Sunny,
214,608,Emlyn Gillfillan,6:12 AM,6:18 AM,22,Lempira,Park Avenue,35,Sunny,
215,460,Sigrid Bewly,1:02 PM,3:26 PM,22,Krona,Main Street,26,Snowy,
216,475,Germain Batchley,3:16 AM,6:40 AM,31,Rupiah,Main Street,23,Snowy,
217,215,Farlay Brunsden,9:33 PM,11:23 AM,40,Franc,Elm Road,18,Rainy,
218,273,Myrah Van de Castele,8:20 PM,12:43 AM,4,Rupiah,Main Street,42,Snowy,
219,184,Nev Berkely,5:20 PM,6:49 PM,47,Peso,Main Street,40,Snowy,
220,849,Julina Vurley,3:11 PM,9:05 PM,21,Ruble,Park Avenue,51,Sunny,
221,44,Vickie Caldow,6:33 PM,2:02 PM,14,Krona,Main Street,55,Sunny,
222,747,Fernande McComas,5:39 AM,12:26 PM,36,Peso,Main Street,30,Snowy,
223,673,Lyn Blaiklock,6:41 PM,9:32 PM,10,Yuan Renminbi,Park Avenue,48,Snowy,
224,763,Andrea McGrah,7:33 AM,5:58 PM,46,Krona,Main Street,21,Rainy,
225,636,Chancey Hearon,1:54 PM,6:02 AM,1,Zloty,Elm Road,56,Snowy,
226,655,Karalynn Delap,9:41 PM,2:42 PM,27,Dollar,Elm Road,53,Rainy,
227,866,Abbot Mosson,1:31 AM,6:54 PM,45,Rupiah,Main Street,37,Rainy,
228,927,Temple Kenward,6:28 PM,9:52 PM,11,Rupiah,Elm Road,13,Sunny,
229,964,Dulce Hannay,1:03 AM,11:08 AM,45,Euro,Elm Road,6,Snowy,
230,885,Pen Riatt,4:00 AM,3:32 AM,44,Peso,Main Street,0,Sunny,
231,397,Sunny Boken,7:56 PM,1:43 PM,40,Dollar,Elm Road,5,Snowy,
232,170,Rayna Buzza,6:52 PM,1:11 PM,33,Dollar,Main Street,6,Sunny,
233,271,Thornie Haddeston,9:27 AM,4:25 AM,6,Ruble,Main Street,34,Rainy,
234,546,Ase Yanez,12:32 PM,9:14 AM,11,Yuan Renminbi,Main Street,28,Snowy,
235,98,Lynsey Dzenisenka,10:34 PM,7:43 AM,47,Rand,Park Avenue,22,Rainy,
236,920,Cate Liddell,12:35 AM,7:13 AM,5,Yuan Renminbi,Elm Road,15,Snowy,
237,54,Raychel Dunleavy,4:28 PM,5:55 AM,48,Krona,Elm Road,24,Sunny,
238,489,Roxi Kain,4:16 PM,10:00 AM,8,Rupiah,Elm Road,9,Snowy,
239,423,Paulo Danielot,10:58 AM,8:07 PM,38,Dollar,Park Avenue,9,Sunny,
240,1,Gabriello Kiely,6:37 PM,8:06 PM,4,Sol,Park Avenue,0,Sunny,
241,583,Howie Kinmond,1:20 AM,12:01 PM,45,Rupiah,Main Street,16,Rainy,
242,992,Faythe Koppes,3:59 AM,8:23 AM,40,Peso,Main Street,16,Rainy,
243,120,Otho Crampton,5:38 PM,2:28 AM,23,Dinar,Park Avenue,35,Sunny,
244,819,Henrieta Furnell,7:19 AM,8:17 PM,3,Rupiah,Elm Road,18,Sunny,
245,770,Yvonne Middis,12:59 PM,9:21 PM,1,Yuan Renminbi,Elm Road,55,Snowy,
246,778,Berny Skill,10:39 AM,3:04 AM,28,Euro,Main Street,21,Rainy,
247,855,Lillian Tollett,7:33 PM,3:00 PM,28,Krone,Main Street,3,Rainy,
248,956,Shauna Derbyshire,10:03 AM,10:11 PM,10,Euro,Main Street,19,Sunny,
249,68,Tome Tollett,4:11 PM,7:08 AM,49,Rupiah,Park Avenue,45,Rainy,
250,993,Trevor Kemmis,8:13 AM,12:37 PM,16,Yen,Park Avenue,25,Snowy,
251,671,Eadie Trippick,6:25 AM,7:17 PM,35,Shilling,Park Avenue,51,Sunny,
252,423,Mella Manderson,2:21 AM,12:12 PM,11,Yuan Renminbi,Elm Road,58,Snowy,
253,477,Thurston Schonfeld,12:39 PM,1:57 PM,20,Rupiah,Park Avenue,16,Snowy,
254,889,Adrian Creyke,7:09 PM,1:49 AM,38,Dollar,Park Avenue,49,Rainy,
255,468,Cicily Rikel,11:19 PM,5:12 AM,35,Yuan Renminbi,Elm Road,29,Snowy,
256,702,Perceval Wison,3:15 AM,5:30 PM,37,Euro,Park Avenue,29,Rainy,
257,688,Jacklin Pirozzi,6:04 PM,3:23 PM,14,Rupiah,Elm Road,24,Sunny,
258,250,Lilla Kneaphsey,8:42 PM,11:15 PM,0,Hryvnia,Main Street,11,Rainy,
259,670,Abdul Clampton,8:21 PM,5:31 PM,12,Peso,Elm Road,37,Snowy,
260,302,Drake Shade,9:34 PM,4:11 AM,39,Krone,Main Street,40,Snowy,
261,711,Scottie Farrow,6:40 PM,11:06 PM,48,Pound,Elm Road,29,Snowy,
262,766,Yvette McGrah,2:38 AM,4:44 AM,7,Peso,Park Avenue,12,Snowy,
263,686,Edeline Jaukovic,4:11 PM,12:40 PM,7,Ruble,Park Avenue,37,Snowy,
264,529,Kris Cornillot,4:52 AM,11:26 AM,14,Rupiah,Main Street,57,Snowy,
265,663,Hailey Litster,12:16 AM,9:20 PM,33,Lempira,Main Street,52,Snowy,
266,339,Georgianna McCambridge,8:38 PM,4:01 AM,25,Shilling,Elm Road,29,Rainy,
267,330,Gert Sjostrom,6:57 AM,10:20 AM,45,Dollar,Park Avenue,50,Sunny,
268,215,Phedra Philler,3:24 PM,10:02 AM,42,Rupiah,Park Avenue,57,Snowy,
269,981,Porty Mateev,6:41 PM,8:01 AM,45,Yuan Renminbi,Elm Road,3,Snowy,
270,261,Benjamen Attarge,10:42 PM,1:20 PM,44,Naira,Main Street,27,Snowy,
271,746,Christian Eakeley,3:19 PM,5:30 PM,10,Krona,Park Avenue,44,Sunny,
272,708,Astra Helstrom,5:47 PM,7:13 PM,24,Euro,Park Avenue,24,Sunny,
273,376,Leann Bleckly,4:30 AM,12:24 AM,14,Yuan Renminbi,Main Street,17,Sunny,
274,837,Evelyn Rishbrook,3:47 AM,8:56 PM,34,Peso,Elm Road,37,Rainy,
275,366,Krishna Duck,3:46 PM,8:58 PM,49,Baht,Elm Road,22,Rainy,
276,694,Elvin Clarke-Williams,9:10 PM,4:19 PM,43,Real,Elm Road,29,Snowy,
277,423,Arthur Maskall,7:36 PM,8:21 AM,4,Leone,Elm Road,59,Sunny,
278,560,Sherlock Beekman,2:24 PM,4:23 AM,14,Quetzal,Elm Road,22,Snowy,
279,21,Anetta Treweek,2:53 AM,12:11 PM,16,Rupiah,Park Avenue,52,Sunny,
280,66,Andrei Bothen,4:22 PM,7:55 PM,44,Euro,Park Avenue,30,Snowy,
281,843,Gannie Kytley,10:35 PM,7:48 AM,29,Gourde,Main Street,59,Sunny,
282,421,Jessika Woodland,4:56 PM,7:34 AM,41,Euro,Park Avenue,55,Sunny,
283,303,Monique Scutchin,6:27 AM,5:11 AM,15,Peso,Elm Road,48,Sunny,
284,996,Beatrix Wyndham,2:23 AM,11:31 PM,36,Litas,Elm Road,0,Snowy,
285,4,Patsy Kohrt,10:12 AM,3:59 AM,28,Peso,Main Street,18,Rainy,
286,73,Corella Fairleigh,6:55 PM,7:43 AM,36,Yuan Renminbi,Main Street,26,Snowy,
287,309,Maren Darycott,1:34 AM,4:11 AM,24,Tenge,Main Street,26,Snowy,
288,476,Julio Ledur,2:44 PM,12:12 PM,35,Euro,Park Avenue,35,Sunny,
289,532,Welby Andreassen,8:08 AM,6:21 PM,29,Euro,Main Street,15,Sunny,
290,688,Bram Altoft,8:44 PM,7:25 PM,28,Yuan Renminbi,Park Avenue,10,Rainy,
291,45,Nerty McHardy,5:50 AM,8:54 AM,46,Zloty,Elm Road,1,Rainy,
292,512,Stephanus Bough,6:45 PM,8:55 AM,4,Peso,Park Avenue,6,Rainy,
293,760,Loy Labadini,12:24 AM,3:50 AM,44,Rupiah,Park Avenue,4,Sunny,
294,492,Dianna Magnus,6:57 AM,11:48 PM,16,Dollar,Elm Road,41,Snowy,
295,382,Gal Burles,1:48 PM,1:23 AM,42,Hryvnia,Park Avenue,33,Rainy,
296,111,Abner Tunna,8:55 PM,2:28 AM,31,Yuan Renminbi,Park Avenue,28,Sunny,
297,163,Elvis Brisker,7:31 AM,8:20 AM,3,Shekel,Park Avenue,51,Sunny,
298,775,Richmond Pellant,4:42 PM,5:37 PM,25,Yen,Park Avenue,55,Sunny,
299,239,Galen Kayne,4:08 PM,4:14 AM,39,Koruna,Elm Road,16,Rainy,
300,415,Cynthie Lumley,3:12 AM,9:25 PM,49,Peso,Park Avenue,20,Snowy,
301,745,Aylmer Nolte,6:40 PM,3:49 PM,12,Lev,Park Avenue,23,Snowy,
302,529,Marlo Wetherell,9:14 AM,3:01 AM,19,Rial,Park Avenue,27,Rainy,
303,52,Trescha D'Hooghe,5:27 AM,12:46 PM,22,Peso,Elm Road,5,Rainy,
304,934,Phillipp Eadmead,5:43 AM,5:08 AM,22,Sol,Park Avenue,19,Sunny,
305,495,Carley Blaszczak,8:18 PM,12:23 PM,24,Sol,Elm Road,11,Snowy,
306,505,Teena Ladley,3:44 AM,1:38 PM,46,Yuan Renminbi,Main Street,12,Sunny,
307,212,Syman Menichillo,11:44 PM,12:03 AM,6,Rial,Park Avenue,32,Rainy,
308,516,Benedicta Abbyss,8:59 PM,9:14 AM,8,Zloty,Park Avenue,41,Snowy,
309,595,Ciel McKay,11:58 AM,6:32 AM,42,Euro,Elm Road,50,Snowy,
310,114,Randy Kiln,10:19 PM,1:18 AM,31,Rupee,Park Avenue,33,Rainy,
311,510,Moina Raiman,10:49 PM,1:57 AM,44,Baht,Elm Road,17,Rainy,
312,952,Odella Rozalski,4:02 PM,3:21 PM,50,Cedi,Elm Road,15,Sunny,
313,121,Lilias Adamini,10:52 AM,11:54 PM,47,Real,Park Avenue,5,Sunny,
314,929,Monique Radbourne,2:06 AM,1:17 PM,43,Euro,Main Street,45,Rainy,
315,68,Claudette Shellshear,5:57 PM,4:23 PM,26,Lev,Park Avenue,17,Rainy,
316,904,Mavis Capron,8:49 AM,11:52 PM,21,Yuan Renminbi,Main Street,5,Sunny,
317,483,Steve McOrkil,1:59 PM,5:25 AM,30,Zloty,Elm Road,15,Rainy,
318,423,Darlleen Metherell,7:36 PM,12:24 PM,36,Hryvnia,Main Street,55,Rainy,
319,490,Daveta Bollands,7:16 PM,4:32 PM,2,Yuan Renminbi,Main Street,6,Rainy,
320,331,Selinda Celloni,7:26 AM,5:08 AM,43,Sol,Elm Road,36,Snowy,
321,853,Flori Foyston,1:35 AM,9:45 AM,4,Krona,Park Avenue,33,Sunny,
322,261,Bryanty Cayet,5:21 AM,1:48 AM,4,Ariary,Elm Road,52,Rainy,
323,311,Jennica Costley,3:51 AM,2:17 AM,15,Yuan Renminbi,Park Avenue,3,Rainy,
324,192,Etti Desvignes,12:48 AM,11:56 PM,5,Kwanza,Elm Road,4,Sunny,
325,4,Hurley Mongenot,8:57 PM,12:55 AM,22,Shekel,Main Street,60,Sunny,
326,762,Goldia Thew,4:36 PM,12:08 AM,39,Franc,Main Street,41,Snowy,
327,915,Laure Mellody,6:58 AM,11:42 PM,31,Peso,Main Street,13,Rainy,
328,672,Candace Wardale,5:43 PM,8:51 PM,23,Real,Main Street,13,Snowy,
329,894,Ross Laurance,3:51 AM,6:53 AM,21,Yuan Renminbi,Park Avenue,19,Snowy,
330,467,Tarrah Darlington,6:29 AM,11:56 PM,26,Rupiah,Main Street,11,Rainy,
331,340,Addie Stiger,4:22 AM,4:18 AM,28,Yuan Renminbi,Main Street,11,Sunny,
332,314,Lambert Finley,1:07 PM,1:28 PM,19,Ruble,Park Avenue,59,Rainy,
333,445,Dalila Hildrew,9:11 AM,9:28 PM,15,Tenge,Main Street,53,Sunny,
334,442,Brinn Paskell,2:29 PM,6:09 PM,10,Peso,Main Street,25,Snowy,
335,346,Ardisj Pawsey,9:40 PM,4:15 PM,39,Dong,Park Avenue,21,Sunny,
336,867,Elwin Stiles,5:40 PM,2:31 AM,5,Rupiah,Main Street,52,Snowy,
337,213,Franzen Oseland,1:39 PM,2:37 AM,2,Yuan Renminbi,Elm Road,45,Snowy,
338,846,Kain Pisculli,10:23 AM,11:28 PM,18,Yuan Renminbi,Elm Road,27,Sunny,
339,79,Jeralee Meecher,10:36 AM,11:07 PM,19,Lek,Elm Road,1,Sunny,
340,438,Parry Topham,4:10 AM,4:41 AM,40,Franc,Park Avenue,43,Snowy,
341,850,Sal Balazin,4:21 PM,3:49 AM,4,Yuan Renminbi,Main Street,3,Rainy,
342,498,Shae Symondson,9:10 AM,4:21 PM,40,Dinar,Main Street,2,Snowy,
343,778,Law Eddington,11:09 PM,5:47 AM,16,Rupiah,Main Street,54,Snowy,
344,592,Daveta De Bruijn,5:44 AM,4:08 PM,43,Real,Main Street,56,Snowy,
345,724,Elsie Eady,6:04 AM,6:48 PM,17,Dollar,Main Street,28,Sunny,
346,993,Freddy Shutle,8:49 AM,9:21 AM,33,Won,Elm Road,44,Snowy,
347,651,Tomas Garmanson,8:01 PM,10:51 PM,5,Euro,Main Street,56,Rainy,
348,299,Yasmin Aizikovitz,9:11 PM,7:17 AM,49,Shilling,Elm Road,19,Sunny,
349,429,Elbertine McKinnon,1:58 PM,1:36 PM,12,Yuan Renminbi,Elm Road,50,Sunny,
350,506,Salmon Judkins,10:48 PM,7:38 PM,27,Peso,Park Avenue,29,Sunny,
351,891,Esther Creavin,1:01 AM,2:57 PM,39,Zloty,Park Avenue,0,Snowy,
352,701,Fedora Peers,8:32 PM,1:37 PM,5,Yuan Renminbi,Park Avenue,24,Sunny,
353,687,Ranna Ebbing,8:37 AM,9:50 AM,49,Yen,Main Street,11,Sunny,
354,747,Rae Held,2:18 PM,1:01 PM,4,Manat,Elm Road,48,Sunny,
355,779,Charlene Toke,6:28 PM,5:15 PM,48,Euro,Park Avenue,51,Sunny,
356,578,Berta Water,1:42 PM,4:38 PM,27,Yuan Renminbi,Main Street,45,Sunny,
357,500,Vincents Dericot,11:41 AM,8:05 PM,31,Euro,Park Avenue,31,Sunny,
358,416,Saxon Baszniak,3:29 PM,8:39 PM,3,Yuan Renminbi,Main Street,38,Snowy,
359,167,Danica Shellcross,12:04 AM,1:47 PM,24,Afghani,Main Street,8,Snowy,
360,546,Justin Dunbobbin,8:47 AM,1:12 AM,33,Euro,Elm Road,53,Rainy,
361,418,Oralle Cocozza,2:27 AM,7:19 PM,43,Franc,Main Street,15,Snowy,
362,707,Johannes Darrell,11:17 AM,7:12 AM,30,Rupiah,Park Avenue,50,Sunny,
363,407,Nalani Barber,12:47 PM,7:17 PM,11,Boliviano,Elm Road,2,Sunny,
364,228,Annabal Rummins,7:06 AM,6:56 PM,29,Ruble,Elm Road,39,Sunny,
365,177,Stefania Couttes,8:23 PM,9:39 AM,6,Dinar,Park Avenue,6,Sunny,
366,25,Dotty Breckenridge,2:15 AM,9:24 PM,39,Rupiah,Park Avenue,39,Sunny,
367,546,Jacquelynn Le Galle,5:32 AM,9:41 AM,34,Krona,Park Avenue,54,Sunny,
368,345,Rae Engley,8:30 PM,11:45 AM,12,Peso,Main Street,36,Snowy,
369,802,Quinn Smitheram,4:24 PM,9:15 AM,36,Rupiah,Main Street,34,Rainy,
370,3,Selia Ogden,5:05 AM,2:42 PM,45,Peso,Elm Road,50,Sunny,
371,170,Cordi Milborn,2:34 PM,3:47 PM,17,Dinar,Elm Road,4,Rainy,
372,679,Corliss Bannister,8:56 AM,5:00 AM,50,Yuan Renminbi,Elm Road,30,Sunny,
373,390,Audrye Rivenzon,4:11 AM,7:12 PM,48,Peso,Elm Road,22,Sunny,
374,760,Arielle Peabody,11:00 AM,8:27 AM,10,Yuan Renminbi,Park Avenue,53,Snowy,
375,307,Faun Marple,1:57 PM,7:31 AM,32,Baht,Main Street,52,Sunny,
376,540,Theda Snelman,6:25 AM,1:28 PM,36,Rupiah,Main Street,50,Snowy,
377,493,Garvy Ketteridge,5:26 AM,2:23 AM,22,Krona,Main Street,44,Sunny,
378,84,Lester Merton,7:57 AM,1:44 PM,32,Krona,Main Street,14,Snowy,
379,798,Heidie Minchell,9:08 AM,4:19 PM,36,Dollar,Main Street,55,Sunny,
380,42,Deny Neachell,4:55 AM,11:58 AM,3,Afghani,Park Avenue,60,Rainy,
381,695,Chere Brabon,3:45 AM,4:23 PM,4,Rupiah,Main Street,54,Snowy,
382,283,Georgianne Reeken,10:20 PM,11:25 AM,15,Shilling,Elm Road,8,Sunny,
383,509,Conan Chastaing,10:57 PM,8:59 PM,18,Ruble,Main Street,43,Rainy,
384,845,Carroll Braams,1:08 AM,12:09 AM,38,Yuan Renminbi,Elm Road,36,Sunny,
385,736,Zahara Burd,7:31 AM,4:48 PM,4,Quetzal,Park Avenue,43,Rainy,
386,305,Bobby Tailby,9:23 AM,6:12 PM,2,Ruble,Park Avenue,36,Snowy,
387,937,Ichabod Lindenbluth,8:15 PM,10:32 PM,24,Peso,Elm Road,1,Sunny,
388,72,Sandi Hargess,7:14 PM,9:09 AM,38,Ruble,Main Street,46,Snowy,
389,444,Rosita Nary,8:54 PM,2:51 AM,14,Yuan Renminbi,Main Street,38,Sunny,
390,481,Alina Rides,4:26 PM,2:51 AM,41,Yuan Renminbi,Main Street,39,Sunny,
391,91,Fabio Bensusan,11:02 PM,4:04 AM,22,Euro,Main Street,40,Rainy,
392,600,Davidson Albrooke,6:56 AM,4:37 AM,24,Yuan Renminbi,Park Avenue,4,Rainy,
393,724,Noellyn Meiklem,6:09 PM,3:54 AM,30,Zloty,Elm Road,10,Sunny,
394,801,Nanice Brideoke,8:12 AM,4:27 PM,30,Dollar,Main Street,45,Snowy,
395,516,Hannie Pollicote,11:41 AM,9:09 PM,6,Yuan Renminbi,Elm Road,11,Sunny,
396,880,Isador Bowdler,12:00 PM,1:00 AM,10,Ruble,Park Avenue,17,Snowy,
397,808,Obidiah Giddings,9:31 PM,3:19 AM,26,Rupiah,Elm Road,52,Rainy,
398,506,Row Turfs,7:28 AM,11:41 PM,15,Dinar,Elm Road,38,Rainy,
399,988,Goldarina Meriguet,10:00 AM,11:07 AM,1,Rand,Elm Road,58,Snowy,
400,708,Enrique Ewence,2:46 AM,12:23 AM,19,Zloty,Main Street,15,Rainy,
401,268,Nike Rubens,6:48 PM,9:18 AM,20,Dollar,Park Avenue,44,Rainy,
402,864,Alene Dallin,4:14 PM,5:37 PM,22,Rupiah,Elm Road,47,Rainy,
403,360,Koo Meininking,9:01 PM,3:50 PM,24,Rupiah,Main Street,13,Rainy,
404,498,Carina Trippitt,2:47 PM,9:29 AM,0,Yen,Main Street,23,Rainy,
405,730,Koressa Jachimiak,4:17 PM,9:36 AM,22,Rupiah,Park Avenue,9,Rainy,
406,520,Kareem Scroyton,2:49 PM,10:42 PM,32,Peso,Elm Road,10,Rainy,
407,516,Weston Amdohr,9:22 PM,8:55 PM,28,Yuan Renminbi,Park Avenue,1,Rainy,
408,198,Xylia Wiltshire,11:09 PM,6:13 PM,1,Rupiah,Main Street,18,Rainy,
409,69,Sophie Croston,3:53 PM,2:40 AM,0,Ariary,Elm Road,59,Rainy,
410,270,Delly Adriano,2:38 AM,10:32 AM,38,Zloty,Main Street,12,Sunny,
411,242,Lyon Keeting,10:10 PM,8:45 PM,21,Yuan Renminbi,Park Avenue,54,Sunny,
412,435,Ximenez Crosston,2:48 PM,5:42 AM,13,Peso,Park Avenue,25,Rainy,
413,547,Grady Martland,6:54 AM,3:45 PM,25,Taka,Elm Road,22,Sunny,
414,189,Karola Biernat,11:57 PM,10:34 AM,19,Rupee,Main Street,53,Sunny,
415,125,Annamaria Tollow,9:39 AM,5:02 PM,18,Peso,Elm Road,11,Sunny,
416,737,Anastasie Ivashov,9:36 AM,4:05 AM,27,Yuan Renminbi,Main Street,9,Snowy,
417,378,Ronnica Morgue,10:54 PM,8:29 PM,41,Ruble,Park Avenue,39,Rainy,
418,329,Zared Giovanetti,2:50 AM,11:33 PM,18,Euro,Main Street,36,Sunny,
419,77,Kirsten Quaintance,2:24 AM,4:36 PM,15,Loti,Elm Road,40,Sunny,
420,608,Curr O'Sheilds,3:20 AM,10:35 PM,12,Metical,Park Avenue,57,Snowy,
421,269,Monika Barcroft,12:01 PM,12:42 AM,25,Zloty,Elm Road,59,Rainy,
422,284,Kaja Tetsall,6:13 PM,6:16 PM,15,Yuan Renminbi,Main Street,36,Sunny,
423,871,Gallard McCoid,9:27 PM,2:08 AM,47,Franc,Park Avenue,55,Snowy,
424,542,Concordia McLukie,1:01 AM,11:44 PM,10,Yen,Elm Road,36,Sunny,
425,436,Luise Berns,6:16 AM,7:28 PM,45,Euro,Main Street,25,Rainy,
426,645,Tallie Gibbens,10:59 AM,5:27 AM,47,Rupiah,Elm Road,44,Sunny,
427,26,Lynett Ronchka,12:48 AM,2:54 AM,47,Real,Main Street,7,Snowy,
428,34,Field Klejin,6:51 AM,10:40 PM,25,Yuan Renminbi,Main Street,31,Sunny,
429,178,Ketti Korb,3:03 AM,11:37 PM,11,Zloty,Park Avenue,17,Rainy,
430,231,Ibrahim Langridge,9:30 AM,2:45 PM,6,Afghani,Park Avenue,47,Sunny,
431,880,Sorcha Greengrass,10:50 AM,11:46 PM,40,Boliviano,Park Avenue,27,Snowy,
432,877,Kelley Nardrup,6:21 AM,7:52 PM,44,Yen,Elm Road,42,Sunny,
433,67,Dora Briers,11:13 AM,6:15 PM,12,Yuan Renminbi,Main Street,44,Snowy,
434,556,Borg Svanetti,10:00 PM,7:00 PM,38,Koruna,Park Avenue,32,Rainy,
435,696,Helge Chiverton,11:16 PM,1:29 PM,14,Baht,Main Street,7,Rainy,
436,708,Erie Songhurst,4:51 PM,9:24 AM,36,Yuan Renminbi,Main Street,5,Sunny,
437,805,Kittie Arrighetti,8:56 PM,1:06 AM,28,Yuan Renminbi,Main Street,44,Sunny,
438,967,Athena Baldazzi,3:49 PM,12:03 PM,3,Shekel,Park Avenue,7,Sunny,
439,13,Jilly Stribling,6:48 AM,5:03 AM,9,Real,Park Avenue,5,Rainy,
440,995,Elianora Davidai,7:03 AM,2:43 AM,11,Yuan Renminbi,Elm Road,6,Sunny,
441,531,Arnoldo Ratcliff,2:48 PM,8:06 AM,1,Krona,Elm Road,58,Sunny,
442,884,Lonee Locks,3:20 PM,9:15 AM,40,Dollar,Park Avenue,9,Snowy,
443,859,Liuka Sugars,11:53 AM,2:12 PM,30,Peso,Elm Road,55,Rainy,
444,807,Ester Freschini,9:13 PM,12:42 AM,49,Dong,Main Street,2,Sunny,
445,203,Shandee Smallpeace,12:25 PM,5:26 AM,36,Afghani,Elm Road,18,Snowy,
446,571,Brodie Giblin,7:23 AM,5:28 AM,24,Ruble,Elm Road,7,Snowy,
447,966,Beatrice Goodband,4:15 PM,5:33 PM,50,Som,Elm Road,50,Sunny,
448,807,Carly Alexsandrovich,12:50 AM,8:43 AM,1,Dollar,Main Street,33,Snowy,
449,674,Henka Di Ruggiero,6:34 PM,11:04 PM,18,Yuan Renminbi,Elm Road,56,Rainy,
450,39,Nita Casaccio,10:27 AM,9:44 AM,25,Afghani,Park Avenue,9,Rainy,
451,279,Nickie Illwell,3:57 PM,7:12 AM,2,Euro,Main Street,60,Snowy,
452,234,Caitrin Ashbrook,12:02 AM,8:19 AM,40,Yuan Renminbi,Main Street,20,Snowy,
453,617,Guinna Togher,5:11 AM,11:03 AM,7,Rupiah,Park Avenue,24,Sunny,
454,427,Elyse Legonidec,10:32 AM,8:43 AM,19,Peso,Main Street,44,Rainy,
455,50,Tanitansy Arnault,4:00 PM,10:15 PM,14,Zloty,Park Avenue,40,Rainy,
456,889,Wang Royle,4:03 PM,11:02 AM,41,Peso,Park Avenue,19,Sunny,
457,4,Yancy Gwyther,2:08 PM,2:30 PM,29,Rupiah,Main Street,36,Rainy,
458,644,Wiatt Dawidowitz,6:23 AM,9:36 PM,8,Sol,Park Avenue,40,Rainy,
459,362,Golda Gormally,9:36 PM,9:47 AM,34,Ruble,Elm Road,50,Rainy,
460,370,Alfonso Cavil,12:31 PM,1:50 PM,28,Pound,Main Street,10,Sunny,
461,928,Katerine O' Lone,8:27 AM,8:23 AM,8,Krona,Park Avenue,29,Rainy,
462,797,Micheil Rubel,4:14 AM,3:35 AM,11,Yen,Elm Road,54,Snowy,
463,439,Silvie Scneider,11:32 PM,9:17 AM,14,Peso,Main Street,3,Rainy,
464,274,Kira Breeds,1:55 AM,5:17 AM,19,Rupiah,Main Street,48,Snowy,
465,9,Blayne Phillipp,10:44 PM,5:11 PM,9,Krone,Main Street,60,Rainy,
466,652,Pauly Mallett,11:23 PM,4:45 AM,46,Peso,Elm Road,54,Sunny,
467,927,Angie Aucock,10:57 AM,7:48 AM,11,Rupee,Park Avenue,1,Sunny,
468,253,Corena Crannis,3:41 AM,7:32 AM,45,Krone,Elm Road,53,Snowy,
469,786,Hatti Boulter,7:04 AM,12:49 PM,50,Rupiah,Park Avenue,48,Snowy,
470,419,Luciana Fazzioli,10:52 AM,3:55 PM,27,Rupiah,Main Street,1,Rainy,
471,471,Wilhelmine Rosenqvist,10:29 PM,7:30 PM,9,Dinar,Main Street,34,Snowy,
472,249,Ashlee Rodgerson,11:03 PM,1:18 AM,0,Peso,Park Avenue,2,Rainy,
473,369,Katerina Butterfint,10:29 AM,6:05 AM,18,Som,Park Avenue,25,Snowy,
474,577,Queenie Fullwood,4:49 AM,1:41 AM,1,Ariary,Main Street,0,Snowy,
475,308,Alaine Beurich,10:28 AM,4:37 AM,5,Ruble,Park Avenue,36,Sunny,
476,245,Uta Lafford,2:24 PM,7:33 AM,40,Peso,Elm Road,27,Rainy,
477,846,Doroteya Tatam,7:30 PM,2:31 PM,11,Euro,Main Street,17,Snowy,
478,508,Mavra Paulack,10:43 AM,6:13 AM,33,Yuan Renminbi,Elm Road,0,Rainy,
479,765,Orella Switland,1:16 PM,10:03 PM,31,Peso,Elm Road,48,Rainy,
480,155,Quintus Petera,11:17 AM,8:55 PM,42,Yuan Renminbi,Elm Road,55,Sunny,
481,688,Jillane Gianilli,4:51 AM,7:53 PM,48,Euro,Park Avenue,22,Rainy,
482,169,Jack Townsend,9:06 AM,1:50 PM,16,Rupiah,Main Street,27,Rainy,
483,785,Cirstoforo Steaning,11:45 AM,7:33 PM,10,Real,Main Street,0,Snowy,
484,254,Tiffi Brugman,2:18 PM,12:06 AM,14,Euro,Park Avenue,29,Sunny,
485,769,Gerhard Filipson,7:40 PM,12:01 PM,48,Peso,Park Avenue,25,Rainy,
486,857,Lelah Haddleston,11:16 PM,12:35 PM,9,Real,Main Street,6,Snowy,
487,94,Daveen Castledine,12:55 AM,7:11 AM,9,Peso,Elm Road,0,Snowy,
488,863,Xaviera Chilles,5:29 PM,3:18 AM,45,Yuan Renminbi,Main Street,48,Rainy,
489,344,Parker Bigmore,10:03 AM,5:06 AM,20,Euro,Elm Road,50,Sunny,
490,734,Den Perrett,9:20 AM,1:52 AM,43,Euro,Park Avenue,28,Snowy,
491,221,Verene Reoch,8:29 AM,3:34 AM,38,Dong,Main Street,7,Rainy,
492,373,Olivero Banaszczyk,5:04 AM,8:32 PM,5,Ruble,Park Avenue,13,Sunny,
493,91,Holt Fletham,12:42 AM,9:30 AM,17,Yuan Renminbi,Elm Road,23,Snowy,
494,926,Darius Caulcott,8:57 PM,9:49 AM,18,Euro,Park Avenue,10,Rainy,
495,327,Mellisa Coulson,7:51 PM,6:45 PM,37,Lari,Park Avenue,7,Rainy,
496,937,Katherine Colville,8:21 PM,5:36 PM,46,Rupiah,Park Avenue,18,Snowy,
497,976,Towney Trayhorn,11:51 AM,12:24 PM,33,Koruna,Main Street,22,Rainy,
498,263,Annmarie Windham,2:32 AM,12:28 PM,28,Real,Main Street,35,Snowy,
499,765,Denice Southard,9:12 PM,6:48 PM,46,Zloty,Elm Road,23,Rainy,
500,618,Molli Doswell,1:29 AM,3:25 AM,49,Ruble,Main Street,46,Sunny,
501,328,Riccardo Gallen,9:22 AM,2:36 AM,41,Euro,Main Street,19,Sunny,
502,963,Hartley Fallow,4:40 AM,5:57 AM,46,Peso,Main Street,56,Sunny,
503,201,Elianore Burnel,8:05 AM,9:45 PM,34,Peso,Park Avenue,30,Sunny,
504,200,Adriane Paulmann,8:36 AM,1:06 AM,9,Denar,Main Street,32,Sunny,
505,495,Tiebold Chantler,4:11 PM,11:33 PM,43,Real,Main Street,35,Sunny,
506,912,Thebault Sponton,9:10 AM,5:46 PM,10,Euro,Park Avenue,53,Sunny,
507,716,Prentiss Lebond,9:49 PM,12:33 AM,18,Baht,Park Avenue,5,Sunny,
508,502,Bent Hodgets,12:33 AM,4:04 AM,13,Yuan Renminbi,Elm Road,39,Sunny,
509,456,Janel Baptiste,6:19 AM,12:03 AM,42,Ruble,Elm Road,57,Sunny,
510,537,Gerri Wreak,10:18 AM,12:33 PM,2,Peso,Park Avenue,4,Sunny,
511,924,Henri Matthisson,3:56 AM,4:31 PM,40,Yuan Renminbi,Park Avenue,21,Sunny,
512,486,Noella Ferronel,9:34 PM,9:37 AM,15,Yen,Main Street,50,Rainy,
513,319,Ettie Ridges,8:10 PM,5:40 PM,4,Euro,Main Street,53,Sunny,
514,920,Aldis Moquin,12:14 AM,6:49 PM,32,Yen,Elm Road,50,Sunny,
515,811,Elayne Parfitt,9:47 PM,2:54 PM,0,Naira,Elm Road,52,Rainy,
516,760,Nikolia Bolingbroke,12:06 AM,9:17 AM,31,Won,Main Street,53,Sunny,
517,29,Theodora Bonson,10:11 PM,8:22 AM,29,Rupiah,Park Avenue,43,Rainy,
518,505,Larry Burdin,11:34 AM,11:44 PM,18,Krona,Park Avenue,4,Sunny,
519,768,Chelsea Scaysbrook,4:53 AM,11:04 PM,43,Shekel,Park Avenue,54,Snowy,
520,301,Abeu Habershaw,10:28 PM,5:05 PM,19,Rial,Main Street,10,Snowy,
521,73,Archibald Cella,8:35 PM,5:33 PM,20,Rupiah,Elm Road,55,Rainy,
522,880,Ferris Fortman,2:46 PM,3:16 AM,40,Sol,Main Street,30,Snowy,
523,20,Sutherlan De Mattei,1:38 AM,2:10 PM,36,Franc,Elm Road,1,Sunny,
524,617,Kordula Goggan,7:26 PM,5:23 AM,19,Rupiah,Main Street,36,Snowy,
525,196,Norbie Atling,7:28 AM,3:29 PM,35,Euro,Elm Road,57,Rainy,
526,922,Boothe Panswick,10:48 AM,5:46 PM,39,Yuan Renminbi,Elm Road,46,Sunny,
527,801,Diena Tighe,11:38 PM,7:21 PM,46,Guarani,Elm Road,43,Sunny,
528,602,Leigha Tremaine,9:34 AM,2:59 PM,19,Euro,Main Street,50,Sunny,
529,796,Florencia Decayette,11:11 PM,7:12 PM,26,Yuan Renminbi,Elm Road,17,Snowy,
530,325,Winfield Watmough,11:48 PM,11:43 AM,4,Koruna,Park Avenue,33,Sunny,
531,850,Jeana Dessant,6:18 PM,10:13 AM,32,Naira,Park Avenue,54,Rainy,
532,855,Tillie Borthram,3:52 AM,12:54 PM,3,Dong,Park Avenue,33,Snowy,
533,637,Ianthe Falconer,4:59 AM,1:33 AM,11,Peso,Elm Road,25,Rainy,
534,153,Margit Lyddiard,8:24 PM,4:44 AM,20,Rupiah,Elm Road,10,Snowy,
535,386,Germayne Ketton,9:59 AM,8:25 AM,30,Zloty,Elm Road,56,Sunny,
536,509,Deerdre Pitchford,6:57 AM,11:24 AM,2,Yuan Renminbi,Park Avenue,20,Sunny,
537,1,Denise Cleaveland,2:57 PM,12:18 PM,1,Ruble,Park Avenue,48,Sunny,
538,902,Page Kensett,11:03 PM,5:02 AM,41,Rupiah,Elm Road,25,Snowy,
539,364,Humphrey Foxen,6:52 AM,7:22 PM,1,Euro,Park Avenue,55,Snowy,
540,386,Ricki Grieg,12:32 PM,10:15 PM,40,Krone,Main Street,60,Rainy,
541,700,Berrie Starmer,4:22 PM,9:06 AM,21,Peso,Park Avenue,41,Snowy,
542,390,Layton Leall,5:16 AM,2:21 PM,49,Dollar,Park Avenue,22,Sunny,
543,510,Hans Mecchi,11:29 AM,7:31 AM,30,Yen,Main Street,11,Snowy,
544,519,Laurence O'Doherty,10:50 AM,7:00 PM,38,Rupiah,Park Avenue,8,Rainy,
545,380,Aliza Favill,2:32 AM,10:52 AM,47,Rupee,Main Street,39,Snowy,
546,391,Rolando Keningham,12:59 AM,8:46 AM,31,Euro,Park Avenue,44,Sunny,
547,934,Greta Hackey,12:25 PM,6:06 PM,18,Koruna,Elm Road,43,Sunny,
548,521,Karlene Sherebrook,10:48 PM,4:28 PM,28,Zloty,Main Street,12,Rainy,
549,681,Herve Boness,12:23 AM,4:01 AM,39,Yen,Elm Road,50,Snowy,
550,482,Rodie Ferby,4:46 PM,2:57 AM,33,Dinar,Main Street,46,Snowy,
551,964,August Asbury,10:10 PM,12:01 PM,50,Marka,Elm Road,5,Sunny,
552,814,Cecily Bewfield,9:05 PM,3:33 PM,20,Dollar,Park Avenue,22,Rainy,
553,388,Oralee Boost,11:36 AM,6:46 PM,32,Peso,Park Avenue,10,Sunny,
554,33,Peggie Denyer,5:30 PM,9:23 PM,11,Rupiah,Elm Road,32,Sunny,
555,258,Mufi Hollyland,5:07 AM,10:52 AM,15,Peso,Main Street,1,Sunny,
556,81,Alvy Robic,4:29 AM,1:09 AM,31,Kina,Park Avenue,8,Rainy,
557,761,Aaron Grayshan,2:11 PM,9:12 PM,30,Rial,Park Avenue,58,Sunny,
558,260,Ola Merwede,8:46 AM,6:01 PM,39,Euro,Elm Road,42,Rainy,
559,783,Helge Doward,9:23 AM,1:05 PM,32,Baht,Park Avenue,13,Rainy,
560,309,Gunar McNellis,10:54 PM,11:31 PM,16,Kuna,Main Street,19,Rainy,
561,572,Thomasina Braker,7:56 PM,10:06 AM,44,Euro,Main Street,25,Rainy,
562,776,Wenonah Amys,11:22 PM,2:25 PM,31,Rupiah,Main Street,19,Rainy,
563,947,Winnie Whate,9:27 PM,9:45 AM,43,Euro,Park Avenue,30,Snowy,
564,469,Worthington McKeeman,9:32 AM,10:49 AM,18,Euro,Main Street,41,Sunny,
565,767,Mozelle MacTeggart,10:20 PM,1:29 AM,49,Yuan Renminbi,Park Avenue,44,Snowy,
566,710,Trever Pattington,7:46 PM,6:24 PM,23,Zloty,Elm Road,50,Rainy,
567,751,Aili Seymour,10:27 PM,5:25 AM,27,Euro,Elm Road,55,Rainy,
568,769,Haley Ecles,10:52 PM,9:00 AM,41,Rupiah,Main Street,55,Snowy,
569,670,Myrtice Wilmington,10:56 PM,11:11 PM,45,Ruble,Park Avenue,36,Rainy,
570,298,Mervin Golledge,7:58 PM,10:21 PM,9,Yuan Renminbi,Park Avenue,43,Snowy,
571,810,Torrence Reolfo,3:26 AM,1:16 AM,33,Yuan Renminbi,Park Avenue,25,Sunny,
572,293,Llywellyn Elder,12:27 PM,2:20 AM,21,Afghani,Park Avenue,15,Rainy,
573,617,Ketty Saville,2:05 AM,4:44 PM,50,Rupee,Main Street,0,Snowy,
574,912,Euphemia Gabbetis,1:39 PM,4:46 AM,29,Euro,Elm Road,56,Snowy,
575,379,Madge Axford,7:59 AM,9:31 AM,28,Rupiah,Main Street,15,Rainy,
576,274,Susy Mursell,5:23 PM,5:31 PM,34,Rial,Main Street,54,Snowy,
577,992,Berri Haryngton,7:40 PM,8:07 PM,33,Yuan Renminbi,Park Avenue,55,Rainy,
578,66,Ronalda Bagniuk,5:01 PM,11:45 AM,21,Yuan Renminbi,Elm Road,58,Snowy,
579,50,Lindsay MacParland,10:15 PM,4:21 AM,22,Yuan Renminbi,Main Street,31,Rainy,
580,286,Estell Skaif,3:17 PM,6:05 AM,14,Rupiah,Main Street,45,Rainy,
581,361,Letta Buscher,5:17 AM,8:39 AM,6,Krona,Main Street,37,Rainy,
582,268,Osbert Arnett,5:50 AM,3:20 PM,37,Yuan Renminbi,Elm Road,21,Snowy,
583,604,Derek Arnely,5:05 PM,4:33 PM,32,Rupiah,Elm Road,60,Sunny,
584,444,Bradly Mahomet,10:45 AM,11:40 PM,24,Peso,Main Street,47,Snowy,
585,353,Aryn Redihalgh,10:07 PM,4:44 PM,13,Rupiah,Main Street,38,Sunny,
586,693,Rois Gilbank,3:47 PM,3:55 AM,50,Rand,Park Avenue,57,Rainy,
587,670,Scott Halliwell,1:34 AM,6:18 PM,27,Dinar,Main Street,17,Rainy,
588,452,Lars Gaynes,5:10 PM,3:43 PM,6,Yuan Renminbi,Main Street,20,Sunny,
589,43,Arluene Mackiewicz,10:16 AM,4:25 AM,27,Euro,Elm Road,22,Snowy,
590,919,Raffaello Gainseford,12:24 PM,5:55 PM,0,Koruna,Park Avenue,40,Rainy,
591,192,Muriel Ciccetti,3:34 AM,10:01 AM,38,Rupee,Main Street,17,Snowy,
592,246,Honor Warratt,12:34 PM,1:11 AM,25,Peso,Park Avenue,10,Snowy,
593,107,Cosme Tomkies,2:34 AM,12:52 PM,0,Yuan Renminbi,Main Street,1,Sunny,
594,758,Skyler Fayter,10:12 PM,11:57 PM,14,Yuan Renminbi,Park Avenue,30,Rainy,
595,425,Gwennie Rosas,4:33 AM,11:29 PM,3,Yuan Renminbi,Elm Road,13,Snowy,
596,129,Barney Winsborrow,4:04 PM,2:04 PM,28,Yen,Elm Road,0,Snowy,
597,636,Bastien Spreull,12:26 PM,10:08 PM,31,Yuan Renminbi,Park Avenue,7,Sunny,
598,195,Zulema Agronski,11:47 PM,2:59 AM,22,Yuan Renminbi,Park Avenue,3,Snowy,
599,548,Freddie Ibell,6:59 PM,6:25 AM,17,Peso,Elm Road,4,Sunny,
600,330,Ludovika Baughn,7:43 PM,5:15 AM,32,Euro,Main Street,48,Snowy,
601,640,Lodovico Suttill,8:20 AM,8:20 AM,21,Rial,Park Avenue,9,Snowy,
602,958,Mata Edgin,3:35 AM,3:37 AM,41,Yuan Renminbi,Elm Road,49,Rainy,
603,923,Berny Wyldish,7:35 AM,2:33 AM,29,Tenge,Park Avenue,21,Snowy,
604,277,Roby Noller,8:13 PM,9:18 PM,35,Rand,Main Street,40,Sunny,
605,838,Skippie McCurrie,1:58 AM,3:21 PM,44,Yuan Renminbi,Park Avenue,2,Snowy,
606,260,Johan Skamal,2:39 PM,9:00 PM,15,Forint,Park Avenue,1,Snowy,
607,229,Ernie Ormistone,1:30 AM,4:04 PM,33,Ruble,Elm Road,49,Snowy,
608,872,Mac Conochie,9:18 AM,7:34 AM,32,Kuna,Park Avenue,50,Sunny,
609,763,Cherri Bewlay,1:34 PM,7:00 PM,43,Euro,Elm Road,40,Rainy,
610,846,Deerdre Wharin,9:37 AM,6:10 AM,29,Peso,Elm Road,57,Rainy,
611,554,Raye Atterbury,5:35 AM,4:07 AM,43,Yuan Renminbi,Main Street,47,Rainy,
612,133,Mellie Bettanay,12:33 AM,7:57 PM,24,Krona,Park Avenue,47,Rainy,
613,522,Krystalle Mc Andrew,6:05 PM,6:30 PM,11,Ruble,Main Street,8,Rainy,
614,401,Micki Diable,12:36 AM,9:47 AM,27,Real,Park Avenue,11,Rainy,
615,237,Meredithe Burdell,1:23 AM,1:04 AM,20,Zloty,Elm Road,29,Rainy,
616,518,Tove Kempston,6:14 PM,8:40 PM,38,Yuan Renminbi,Main Street,56,Rainy,
617,216,Dalt Shewsmith,10:21 AM,10:40 AM,14,Yuan Renminbi,Elm Road,12,Snowy,
618,317,Georges Dunkinson,11:21 PM,2:42 AM,36,Sol,Park Avenue,53,Snowy,
619,704,Alfredo Whetland,8:46 AM,4:18 AM,46,Koruna,Park Avenue,2,Rainy,
620,616,Alis Brodbin,8:11 PM,10:09 PM,4,Pound,Main Street,44,Sunny,
621,63,Arv Robrose,6:17 PM,5:12 AM,23,Rupiah,Park Avenue,44,Sunny,
622,543,Leo Lukovic,5:15 PM,4:48 PM,37,Rupiah,Main Street,48,Rainy,
623,488,Hamel Ivankin,1:02 AM,3:44 PM,23,Peso,Elm Road,36,Rainy,
624,411,Letisha Woodroff,8:02 PM,10:41 AM,6,Pound,Main Street,49,Sunny,
625,740,Adriane Beckers,6:39 AM,10:12 AM,50,Euro,Elm Road,13,Rainy,
626,274,Shelton Rubinek,5:18 AM,6:34 PM,50,Yuan Renminbi,Park Avenue,16,Sunny,
627,921,Gypsy Kellert,4:38 PM,7:20 PM,17,Franc,Elm Road,0,Snowy,
628,331,Lethia Willowby,7:11 PM,11:38 PM,9,Dollar,Main Street,22,Rainy,
629,568,Lewes Behagg,12:13 AM,2:35 PM,49,Shekel,Park Avenue,11,Sunny,
630,845,Vickie Weighell,8:55 AM,6:30 AM,20,Dollar,Park Avenue,19,Sunny,
631,296,Eleen Wolfe,4:29 AM,8:58 AM,38,Yen,Main Street,8,Sunny,
632,570,Sephira Vynehall,7:28 PM,6:40 PM,30,Real,Main Street,45,Rainy,
633,454,Nanni Ivanovic,11:42 PM,2:06 PM,0,Kyat,Main Street,15,Sunny,
634,370,Drucie Apedaile,7:20 AM,11:59 AM,20,Naira,Park Avenue,23,Sunny,
635,306,Robenia Corcut,3:21 AM,10:22 AM,18,Yuan Renminbi,Main Street,37,Rainy,
636,741,Carleen Hadlee,8:01 AM,7:58 AM,47,Dollar,Main Street,28,Sunny,
637,342,Elana Siberry,6:31 AM,2:14 PM,18,Zloty,Park Avenue,10,Snowy,
638,433,Carie Spini,5:21 PM,10:00 AM,27,Rupiah,Elm Road,33,Rainy,
639,948,Dorry Bruhnke,11:36 PM,3:29 PM,14,Euro,Main Street,26,Sunny,
640,729,Durante Le Huquet,1:48 AM,9:17 AM,26,Yuan Renminbi,Main Street,40,Rainy,
641,631,Rod des Remedios,2:45 PM,5:59 AM,33,Lempira,Elm Road,13,Sunny,
642,643,Amanda Trunkfield,3:18 PM,7:29 PM,38,Rial,Elm Road,10,Snowy,
643,312,Jessalin Stuckley,12:12 PM,1:29 PM,17,Dong,Main Street,15,Rainy,
644,454,Jourdain MacGoun,4:36 PM,9:16 AM,30,Euro,Main Street,43,Rainy,
645,107,Allys Brogan,6:37 PM,7:33 PM,19,Bolivar,Park Avenue,3,Sunny,
646,307,Karen Habbon,5:08 AM,12:09 PM,17,Rupiah,Elm Road,38,Sunny,
647,419,Linnet Ricciardello,12:13 AM,4:15 AM,31,Kuna,Park Avenue,57,Rainy,
648,695,Sheelah Severy,12:04 AM,10:36 PM,0,Dinar,Elm Road,26,Rainy,
649,978,Cristine Rosi,2:02 AM,11:21 AM,31,Euro,Elm Road,43,Snowy,
650,26,Lusa Ramsden,7:15 AM,8:28 PM,14,Dollar,Park Avenue,31,Rainy,
651,833,Nathanial Josephson,5:13 AM,9:06 PM,37,Baht,Main Street,34,Rainy,
652,898,Rivi Vauter,5:52 PM,12:59 PM,48,Krona,Park Avenue,31,Sunny,
653,551,Hasty Purse,2:21 PM,6:16 AM,5,Real,Elm Road,56,Sunny,
654,335,Nickolaus Wallace,8:30 PM,8:38 AM,6,Peso,Elm Road,26,Rainy,
655,795,Gerry Figurski,2:05 PM,3:04 AM,4,Peso,Park Avenue,41,Sunny,
656,124,Simonne Culley,2:52 AM,2:13 PM,28,Yuan Renminbi,Elm Road,29,Snowy,
657,445,Nanete Lamplough,8:32 PM,10:09 PM,33,Rupiah,Main Street,28,Snowy,
658,599,Temple Toy,4:11 AM,2:40 AM,12,Franc,Park Avenue,13,Rainy,
659,316,Nanete Shailer,3:00 PM,5:48 PM,21,Naira,Elm Road,60,Rainy,
660,645,Tara Cool,2:40 PM,1:29 AM,32,Hryvnia,Main Street,57,Sunny,
661,61,Neall Ream,3:25 PM,10:45 AM,50,Lek,Main Street,32,Rainy,
662,322,Whittaker Saphir,8:03 PM,10:33 AM,15,Lempira,Elm Road,2,Sunny,
663,209,Tara Wyss,8:40 AM,6:20 AM,37,Krona,Main Street,7,Rainy,
664,1000,Glad Fandrich,9:50 AM,12:15 PM,10,Yuan Renminbi,Main Street,13,Rainy,
665,916,Blake Bollom,1:35 PM,10:12 PM,34,Rupiah,Main Street,44,Rainy,
666,531,Julia Kamen,2:40 AM,3:31 PM,15,Yuan Renminbi,Main Street,55,Snowy,
667,252,Juline Oswal,11:39 PM,10:12 PM,50,Dong,Elm Road,2,Rainy,
668,948,Webb Craiker,4:13 PM,2:30 AM,18,Quetzal,Park Avenue,18,Snowy,
669,720,Edwin Jaggs,4:41 PM,3:48 AM,32,Sol,Park Avenue,14,Sunny,
670,50,Goddart Gransden,5:57 AM,3:03 AM,49,Rupiah,Main Street,33,Rainy,
671,862,Valenka Osgood,8:40 PM,9:51 AM,24,Euro,Park Avenue,45,Rainy,
672,198,Aeriell Clague,7:41 PM,9:23 PM,4,Peso,Park Avenue,51,Rainy,
673,756,Brockie Georgins,6:16 PM,2:02 PM,47,Yuan Renminbi,Park Avenue,39,Sunny,
674,604,Harrie Fibbings,9:26 AM,7:19 AM,1,Rupiah,Park Avenue,3,Rainy,
675,563,Laraine de Clercq,11:34 AM,10:01 PM,38,Yuan Renminbi,Park Avenue,53,Snowy,
676,719,Aurore Springthorpe,11:27 PM,11:01 PM,20,Yuan Renminbi,Park Avenue,42,Rainy,
677,51,Wyndham Dalligan,8:15 PM,4:09 PM,4,Peso,Elm Road,16,Rainy,
678,499,Andrey Littlefield,4:14 PM,6:04 AM,20,Franc,Elm Road,50,Rainy,
679,60,Royce MacLice,1:54 AM,9:29 PM,12,Yuan Renminbi,Main Street,29,Sunny,
680,266,Ragnar Seabon,3:46 PM,2:19 PM,18,Rupiah,Main Street,28,Sunny,
681,264,Winfred Schroeder,7:02 PM,12:37 PM,24,Peso,Main Street,43,Sunny,
682,398,Fiona Jerdan,2:11 PM,1:27 PM,38,Rupiah,Main Street,3,Snowy,
683,594,Joannes Izzatt,2:15 PM,6:44 AM,22,Ruble,Main Street,56,Snowy,
684,42,Eleanor Stallard,10:20 AM,9:25 PM,33,Birr,Park Avenue,28,Sunny,
685,840,Anders Geraldo,7:30 AM,10:48 AM,26,Ruble,Park Avenue,24,Snowy,
686,604,Krishnah Kneel,10:35 PM,8:46 PM,29,Rial,Elm Road,47,Snowy,
687,914,Josi Whatson,1:44 PM,9:58 PM,16,Baht,Park Avenue,21,Rainy,
688,519,Sullivan Conan,3:09 AM,2:36 PM,7,Dollar,Main Street,40,Sunny,
689,237,Aluin Blackater,3:50 AM,11:02 AM,8,Yuan Renminbi,Main Street,25,Sunny,
690,369,Anya Prescote,7:54 AM,5:17 PM,25,Euro,Main Street,17,Snowy,
691,859,Baxie Endecott,7:25 PM,7:20 PM,48,Rupiah,Park Avenue,10,Rainy,
692,605,Aretha Geertje,8:27 PM,9:00 AM,2,Dram,Main Street,29,Rainy,
693,357,Blake Bleas,9:01 AM,8:49 AM,22,Yuan Renminbi,Elm Road,13,Snowy,
694,282,David Bullers,7:10 PM,11:13 PM,45,Rupiah,Main Street,51,Snowy,
695,678,Harmon Capehorn,11:02 PM,10:46 PM,39,Euro,Elm Road,45,Sunny,
696,42,Clementina Burbage,2:55 PM,10:03 PM,49,Peso,Park Avenue,44,Snowy,
697,13,Leilah Pakeman,7:15 PM,12:05 PM,33,Euro,Elm Road,32,Rainy,
698,935,Kitty Nolte,3:59 AM,8:39 AM,40,Rupiah,Elm Road,60,Snowy,
699,157,Oliviero Websdale,7:01 AM,12:44 PM,23,Euro,Elm Road,49,Rainy,
700,125,Doloritas Baddiley,5:07 AM,4:39 PM,1,Ringgit,Park Avenue,38,Rainy,
701,795,Travis Bearne,2:00 AM,9:13 AM,6,Dollar,Main Street,55,Snowy,
702,858,Federica Dewsbury,10:22 AM,11:39 AM,14,Dinar,Park Avenue,57,Rainy,
703,698,Beatrix Hempshall,1:46 PM,3:29 AM,18,Loti,Park Avenue,5,Snowy,
704,912,Farley Simonds,8:20 AM,8:53 AM,41,Rupiah,Main Street,47,Rainy,
705,428,Sabine Pippin,2:24 PM,4:35 AM,35,Peso,Elm Road,58,Rainy,
706,353,Daisey Kinde,7:17 PM,4:27 PM,31,Rupiah,Elm Road,60,Sunny,
707,224,Ayn Schubert,2:46 AM,6:14 PM,40,Pound,Main Street,55,Snowy,
708,597,Lindsey Skitch,7:48 AM,9:31 PM,26,Yuan Renminbi,Main Street,32,Sunny,
709,776,Scotty Beardwood,9:04 PM,10:25 AM,10,Yuan Renminbi,Elm Road,43,Rainy,
710,440,Emanuel Fligg,12:25 PM,5:39 PM,50,Yuan Renminbi,Park Avenue,12,Sunny,
711,237,Lazaro Dudny,6:11 PM,3:10 AM,2,Euro,Main Street,42,Rainy,
712,938,Daron Tivnan,8:28 AM,4:32 PM,18,Euro,Elm Road,56,Sunny,
713,878,Mag Costain,7:42 PM,6:27 PM,2,Shilling,Elm Road,51,Sunny,
714,829,Sylvester Wilkin,12:16 AM,2:49 AM,49,Peso,Main Street,43,Rainy,
715,57,Briano Mosdell,10:06 AM,4:24 AM,37,Shilling,Main Street,24,Rainy,
716,290,Selina Wordsworth,8:05 PM,12:11 AM,30,Yen,Main Street,30,Snowy,
717,968,Huntington Romer,3:10 AM,5:46 AM,35,Euro,Main Street,25,Rainy,
718,662,Harrie Bernth,5:06 PM,11:03 AM,47,Tenge,Elm Road,22,Snowy,
719,839,Kane Meeny,10:19 PM,11:02 PM,44,Rupiah,Park Avenue,56,Snowy,
720,590,Sher Risso,1:31 PM,8:32 AM,9,Yuan Renminbi,Elm Road,20,Rainy,
721,11,Fredra Prigmore,11:28 AM,7:49 PM,49,Euro,Park Avenue,7,Sunny,
722,329,Lurette Glossop,2:28 PM,3:14 AM,8,Peso,Elm Road,32,Rainy
723,199,Oralee Truitt,10:15 AM,5:14 PM,4,Yuan Renminbi,Park Avenue,22,Snowy,
724,142,Gilberte Farherty,11:52 PM,4:16 PM,37,Yuan Renminbi,Main Street,54,Sunny,
725,550,Ania Varty,3:23 PM,10:48 PM,48,Yen,Elm Road,37,Sunny,
726,675,Alyosha Corstan,3:42 PM,7:34 AM,15,Rupiah,Elm Road,36,Sunny,
727,88,Herby Spinetti,5:50 AM,3:21 AM,20,Rupiah,Main Street,44,Rainy,
728,497,Leela Jeannaud,11:57 PM,6:54 PM,27,Yuan Renminbi,Main Street,13,Snowy,
729,945,Patton Larrad,10:09 PM,5:11 PM,46,Tenge,Elm Road,46,Rainy,
730,983,Paule Challender,5:03 PM,8:13 PM,50,Ruble,Park Avenue,25,Rainy,
731,709,Jdavie Cappell,8:38 AM,1:42 PM,48,Yuan Renminbi,Park Avenue,32,Rainy,
732,478,Krispin Lurriman,5:19 AM,9:36 PM,32,Dollar,Main Street,21,Snowy,
733,597,Tiebout Hutton,10:43 AM,12:14 AM,27,Peso,Park Avenue,32,Sunny,
734,481,Leonardo Stother,11:21 PM,6:09 AM,39,Yuan Renminbi,Elm Road,7,Snowy,
735,185,Keenan Coenraets,3:18 AM,2:51 AM,46,Rupiah,Park Avenue,24,Rainy,
736,405,Nelly Cargen,7:25 AM,1:37 AM,38,Rupiah,Park Avenue,60,Rainy,
737,790,Billye Fishburn,7:22 PM,10:00 AM,12,Rupiah,Main Street,33,Rainy,
738,50,Vassily Wollaston,3:39 PM,6:24 AM,12,Yuan Renminbi,Elm Road,51,Sunny,
739,220,Tiffany Frise,3:42 AM,4:07 PM,6,Peso,Park Avenue,12,Rainy,
740,312,Anastasia Anfosso,5:50 AM,6:01 AM,24,Rupiah,Main Street,1,Rainy,
741,637,Eleonora Short,8:43 PM,2:49 AM,35,Yuan Renminbi,Park Avenue,41,Snowy,
742,853,Babita Cuthbert,9:00 AM,2:43 AM,14,Lari,Main Street,17,Rainy,
743,799,Iver Billyeald,1:23 PM,4:16 PM,18,Dollar,Main Street,34,Sunny,
744,765,Antony Bosden,9:46 PM,1:29 PM,16,Krona,Elm Road,49,Rainy,
745,389,Nealson Gorriessen,7:38 PM,8:02 PM,2,Krone,Main Street,2,Sunny,
746,980,Chandler Veall,9:40 PM,7:31 AM,11,Koruna,Main Street,25,Rainy,
747,399,Liza Beverley,2:50 PM,3:42 PM,41,Dram,Elm Road,35,Rainy,
748,957,Eleanora Dickey,7:21 PM,3:12 AM,47,Yuan Renminbi,Main Street,58,Rainy,
749,245,Arleta Ebbotts,3:57 AM,12:31 PM,17,Peso,Park Avenue,27,Rainy,
750,454,Lucky Venour,3:33 AM,5:27 PM,17,Yuan Renminbi,Park Avenue,46,Rainy,
751,606,Jenda Axcel,3:06 PM,9:37 AM,21,Peso,Elm Road,7,Sunny,
752,476,Oby Aulton,2:16 PM,10:48 PM,46,Rupiah,Elm Road,12,Sunny,
753,252,Dominic Trenbey,10:08 PM,4:41 PM,25,Taka,Main Street,19,Sunny,
754,922,Dilly Khomich,2:45 AM,10:32 AM,14,Ariary,Elm Road,41,Rainy,
755,517,Taffy Yakushkin,11:29 PM,4:33 AM,28,Euro,Park Avenue,20,Rainy,
756,433,Willi Farden,5:28 AM,3:52 AM,48,Boliviano,Park Avenue,47,Snowy,
757,647,Rayner Candwell,11:36 AM,12:47 PM,21,Hryvnia,Elm Road,11,Rainy,
758,397,Star Stichall,1:57 AM,11:51 PM,28,Rupiah,Park Avenue,41,Snowy,
759,391,Janene Noone,1:58 PM,8:03 PM,1,Euro,Elm Road,32,Sunny,
760,461,Willa Brasted,5:37 AM,8:28 PM,41,Yuan Renminbi,Elm Road,36,Sunny,
761,453,Yettie Mateuszczyk,1:01 PM,5:09 PM,48,Yuan Renminbi,Park Avenue,42,Snowy,
762,684,Brooke Banbrook,8:16 AM,5:33 AM,5,Hryvnia,Main Street,25,Sunny,
763,730,Hale Bissiker,2:02 PM,1:12 PM,8,Yuan Renminbi,Park Avenue,22,Rainy,
764,351,Wakefield Bridgeland,4:53 PM,1:06 AM,6,Afghani,Park Avenue,25,Snowy,
765,268,Olive Dulanty,11:10 AM,8:43 AM,42,Yuan Renminbi,Park Avenue,47,Sunny,
766,615,Myrwyn Benning,3:30 PM,9:23 AM,36,Real,Park Avenue,57,Snowy,
767,337,Kali Farrand,9:31 AM,11:16 PM,19,Euro,Main Street,52,Sunny,
768,781,Jourdan Wolfe,10:29 PM,6:54 PM,11,Yuan Renminbi,Main Street,57,Sunny,
769,858,Bruce Knighton,5:43 PM,3:30 AM,36,Yuan Renminbi,Main Street,44,Sunny,
770,513,Parnell Egdell,7:48 PM,10:06 PM,48,Yuan Renminbi,Elm Road,60,Snowy,
771,286,Rex Fawkes,6:16 AM,9:49 AM,26,Lev,Park Avenue,39,Rainy,
772,740,Robin Medd,12:25 PM,11:10 AM,28,Pound,Elm Road,11,Sunny,
773,162,Wenonah McLeod,5:53 AM,4:10 PM,3,Dollar,Main Street,14,Rainy,
774,951,Carleton Kalderon,7:52 PM,10:50 AM,41,Yuan Renminbi,Park Avenue,52,Sunny,
775,332,Babita Kelland,12:46 PM,5:28 AM,24,Dollar,Main Street,39,Sunny,
776,886,Richmond Chotty,11:49 AM,1:20 AM,43,Hryvnia,Main Street,46,Rainy,
777,943,Manfred Rousby,12:02 PM,8:28 PM,36,Krona,Park Avenue,41,Snowy,
778,616,Nanice Burnel,9:20 AM,7:45 AM,4,Dollar,Elm Road,23,Sunny,
779,451,Linzy Gheorghie,10:51 PM,11:46 AM,42,Ruble,Main Street,20,Rainy,
780,112,Tabbie Cawtheray,7:32 AM,12:42 PM,4,Rupiah,Main Street,9,Rainy,
781,475,Leigh Kuhnert,5:33 AM,5:11 AM,49,Peso,Park Avenue,43,Rainy,
782,640,Fanni Layne,8:22 AM,1:12 PM,42,Colon,Main Street,29,Snowy,
783,605,Andre Mantione,2:05 AM,2:35 PM,34,Rupiah,Park Avenue,31,Snowy,
784,683,Susie Claybourn,12:02 AM,7:54 AM,15,Kuna,Park Avenue,25,Sunny,
785,43,Hersch Poat,5:08 AM,2:14 AM,27,Yuan Renminbi,Elm Road,25,Snowy,
786,754,Laurette Befroy,9:30 PM,2:03 PM,50,Zloty,Elm Road,41,Sunny,
787,828,Roley Nerney,4:29 AM,8:20 AM,42,Real,Main Street,49,Snowy,
788,974,Caz Disley,10:00 AM,2:25 PM,44,Rupiah,Main Street,3,Snowy,
789,659,Meridith Matthis,6:08 AM,8:52 PM,9,Rupiah,Park Avenue,57,Snowy,
790,35,Leticia Rowles,11:18 AM,6:34 PM,27,Naira,Main Street,36,Sunny,
791,592,Merline Ffrench,3:58 PM,12:07 PM,42,Rial,Elm Road,29,Rainy,
792,863,Peta Antonignetti,1:57 PM,6:42 AM,18,Yuan Renminbi,Park Avenue,6,Sunny,
793,184,Nell Higounet,1:33 AM,5:43 PM,46,Yuan Renminbi,Park Avenue,47,Snowy,
794,400,Ynes Rocco,1:27 PM,9:07 PM,19,Dollar,Elm Road,7,Sunny,
795,491,Jeanie Latham,12:23 PM,11:44 PM,21,Euro,Park Avenue,20,Snowy,
796,485,Stanley Simonard,9:42 PM,10:00 PM,43,Yuan Renminbi,Main Street,18,Rainy,
797,853,Gerladina Fountain,11:03 AM,3:00 AM,18,Rupiah,Main Street,59,Sunny,
798,345,Moises McVee,1:36 AM,12:53 AM,17,Euro,Elm Road,42,Snowy,
799,770,Bear Gosdin,5:31 AM,4:55 PM,5,Euro,Main Street,35,Rainy,
800,273,Archaimbaud Cobbe,6:59 AM,3:07 AM,20,Hryvnia,Elm Road,10,Snowy,
801,257,Erik Punter,5:16 PM,6:51 PM,21,Peso,Main Street,24,Snowy,
802,96,Teddi Cunrado,7:40 AM,1:40 AM,12,Zloty,Main Street,8,Snowy,
803,42,Nanny Winfred,5:05 PM,4:59 AM,2,Peso,Park Avenue,58,Snowy,
804,435,Shalne Spofforth,10:20 AM,6:18 AM,11,Peso,Park Avenue,38,Sunny,
805,699,Cleon Quest,5:06 AM,1:24 PM,6,Som,Park Avenue,56,Rainy,
806,615,Flore Horche,9:28 AM,3:38 PM,46,Sol,Park Avenue,29,Snowy,
807,589,Isabel Knoton,2:51 PM,5:55 AM,14,Rupiah,Elm Road,5,Snowy,
808,657,Rori Brabin,6:55 AM,12:58 PM,17,Ruble,Park Avenue,50,Rainy,
809,288,Hilarius Labbet,2:54 AM,3:15 AM,43,Yuan Renminbi,Main Street,36,Rainy,
810,637,Urban Wakes,6:46 AM,5:41 AM,41,Rupiah,Elm Road,44,Rainy,
811,763,Glyn Honig,4:09 AM,1:51 PM,34,Ruble,Elm Road,57,Sunny,
812,548,Rustin Gillbanks,2:19 PM,1:35 PM,44,Rupee,Main Street,37,Sunny,
813,415,Wylie Fencott,3:37 AM,10:22 PM,7,Rupiah,Park Avenue,55,Sunny,
814,769,Anabel Cottill,11:08 PM,12:13 PM,34,Cordoba,Park Avenue,35,Sunny,
815,335,Ailyn Jack,1:29 AM,1:58 AM,24,Rupiah,Main Street,4,Snowy,
816,960,Zollie Dutton,10:13 AM,3:43 PM,43,Yuan Renminbi,Park Avenue,26,Rainy,
817,500,Chris Smaridge,12:24 AM,11:54 PM,30,Yuan Renminbi,Park Avenue,28,Sunny,
818,50,Winonah Newgrosh,7:08 AM,4:16 PM,45,Dinar,Park Avenue,32,Sunny,
819,744,Brandi Lindley,9:44 PM,11:41 PM,11,Real,Park Avenue,20,Rainy,
820,4,Forster Hoston,9:56 PM,2:19 AM,36,Krona,Main Street,37,Sunny,
821,742,Perry Harbour,9:27 PM,1:26 PM,9,Euro,Park Avenue,33,Sunny,
822,728,Theo Dunbabin,1:30 AM,12:57 AM,21,Rupiah,Main Street,22,Rainy,
823,482,Merry Ecclestone,8:11 PM,7:19 PM,14,Yuan Renminbi,Elm Road,7,Snowy,
824,800,Kellie Waszczyk,1:14 PM,1:49 AM,17,Dollar,Elm Road,60,Rainy,
825,378,Pierette Filippyev,4:06 AM,7:03 PM,12,Ringgit,Park Avenue,27,Sunny,
826,146,Arlena Polly,6:31 PM,9:04 AM,18,Rupiah,Main Street,21,Rainy,
827,307,Pauletta Idiens,9:45 PM,9:50 PM,36,Yuan Renminbi,Main Street,7,Snowy,
828,513,Ash Aseef,2:57 PM,5:48 PM,31,Euro,Main Street,5,Snowy,
829,245,Marcello Krolak,5:14 PM,2:30 AM,11,Sol,Main Street,24,Rainy,
830,342,Darbee Tolumello,5:40 AM,9:34 PM,22,Shilling,Main Street,43,Sunny,
831,9,Mattheus Hubbis,6:11 AM,10:25 PM,24,Ruble,Main Street,33,Sunny,
832,835,Bernadene Oughtright,10:01 AM,5:20 AM,8,Yuan Renminbi,Main Street,2,Snowy,
833,641,Lev Dominici,9:39 PM,1:38 PM,28,Zloty,Main Street,5,Rainy,
834,43,Jarret Hackinge,10:51 PM,4:10 AM,14,Euro,Elm Road,31,Sunny,
835,269,Morgan Spaven,2:02 PM,8:49 AM,36,Yuan Renminbi,Elm Road,29,Sunny,
836,121,Anthea Corrington,8:29 AM,1:29 AM,2,Sol,Park Avenue,39,Snowy,
837,210,Archibald Belward,11:28 PM,10:47 PM,35,Somoni,Park Avenue,19,Snowy,
838,367,Penrod Ivantsov,1:04 AM,3:40 PM,23,Yuan Renminbi,Park Avenue,36,Rainy,
839,707,Yelena Carnilian,6:51 AM,11:07 PM,42,Dollar,Main Street,3,Sunny,
840,677,Kennan Tebb,1:38 PM,8:04 AM,46,Hryvnia,Park Avenue,29,Rainy,
841,623,Northrup Wylder,7:34 PM,1:54 AM,47,Dollar,Park Avenue,14,Snowy,
842,194,Cayla Antecki,5:38 AM,1:06 AM,45,Rial,Main Street,56,Rainy,
843,847,Bernadina Camocke,5:06 AM,4:00 AM,47,Baht,Main Street,50,Rainy,
844,564,Akim Maciejak,10:29 PM,10:31 PM,1,Krona,Elm Road,10,Sunny,
845,128,Elsey Hadingham,4:00 AM,12:43 AM,1,Zloty,Park Avenue,4,Sunny,
846,284,Clarke Frugier,9:38 PM,5:12 PM,3,Yuan Renminbi,Elm Road,42,Rainy,
847,232,Antony Tummasutti,2:10 AM,8:05 AM,31,Peso,Park Avenue,60,Snowy,
848,683,Tracy Wrightim,1:52 AM,9:31 AM,8,Euro,Elm Road,35,Rainy,
849,923,Aimee Sanbroke,11:49 AM,2:53 AM,44,Baht,Park Avenue,20,Sunny,
850,43,Valma Snelle,7:05 AM,12:32 PM,30,Peso,Elm Road,21,Sunny,
851,382,Denni Bailes,9:17 AM,5:10 PM,11,Zloty,Main Street,19,Sunny,
852,305,Sophi Rowantree,11:42 PM,4:18 AM,30,Yen,Elm Road,1,Sunny,
853,13,Bettye Glandon,9:11 PM,2:58 PM,19,Yuan Renminbi,Main Street,57,Sunny,
854,36,Jerrome Rollason,12:10 AM,8:02 AM,9,Peso,Park Avenue,48,Rainy,
855,383,Netty Clitsome,3:46 PM,1:48 AM,30,Peso,Elm Road,3,Sunny,
856,299,Bran Marwick,3:40 AM,5:22 AM,30,Yuan Renminbi,Elm Road,36,Snowy,
857,996,Annmarie Elsip,4:32 PM,4:35 PM,15,Euro,Elm Road,52,Sunny,
858,540,Merle Fransman,7:44 AM,6:44 PM,14,Peso,Main Street,44,Rainy,
859,339,Dodi Glanister,1:54 PM,6:10 AM,43,Yuan Renminbi,Park Avenue,46,Rainy,
860,57,Nigel Lafford,3:50 PM,6:02 AM,38,Rupiah,Park Avenue,1,Rainy,
861,710,Eugene Hodgins,6:24 PM,7:26 AM,1,Krona,Main Street,29,Snowy,
862,882,Bernard Jagoe,9:12 AM,11:46 AM,35,Rupiah,Main Street,34,Rainy,
863,657,Ilka Godsal,3:52 AM,11:23 PM,16,Yuan Renminbi,Main Street,59,Rainy,
864,709,Jelene Pilbury,2:03 AM,5:50 AM,42,Denar,Park Avenue,19,Rainy,
865,78,Giulio Gindghill,8:02 PM,5:47 PM,0,Rupiah,Elm Road,6,Snowy,
866,846,Ardith Brouncker,7:30 PM,3:31 PM,45,Peso,Elm Road,56,Sunny,
867,166,Brett Pleming,3:08 AM,10:28 PM,30,Lek,Elm Road,53,Sunny,
868,31,Lars Saggs,9:01 PM,8:17 AM,38,Real,Main Street,50,Sunny,
869,163,Karin Baldazzi,4:48 PM,3:31 AM,42,Dram,Main Street,45,Sunny,
870,776,Myles Gotecliffe,12:20 PM,5:31 AM,15,Rupiah,Park Avenue,13,Sunny,
871,449,Barnaby Inmett,2:23 AM,10:50 PM,1,Krona,Main Street,6,Sunny,
872,797,Ernaline Scopyn,11:02 AM,4:26 AM,49,Ruble,Park Avenue,3,Sunny,
873,737,Jemmie Hopfner,10:22 PM,10:33 AM,14,Yuan Renminbi,Park Avenue,34,Sunny,
874,144,Mariska Hanscom,4:29 AM,2:46 PM,14,Yuan Renminbi,Main Street,0,Rainy,
875,314,Robby Zamorano,12:15 AM,6:13 PM,46,Manat,Main Street,0,Snowy,
876,347,Alvie Gartside,7:23 PM,5:06 AM,25,Yuan Renminbi,Main Street,16,Sunny,
877,279,Lotte McTrustram,5:57 AM,2:08 PM,34,Real,Park Avenue,9,Snowy,
878,989,Roxie Leary,3:43 AM,6:29 AM,3,Peso,Elm Road,18,Sunny,
879,255,Eolande Arnli,11:55 AM,5:35 AM,37,Yuan Renminbi,Park Avenue,12,Sunny,
880,973,Nonna Megahey,6:00 AM,8:58 AM,37,Ruble,Park Avenue,5,Snowy,
881,747,Morgen Addie,9:50 AM,8:53 PM,44,Rupiah,Elm Road,35,Sunny,
882,926,Dora Thoumas,10:42 PM,4:50 AM,42,Leu,Elm Road,21,Sunny,
883,926,Mortimer Dooland,4:43 AM,6:36 PM,2,Rupiah,Main Street,41,Rainy,
884,93,Gabriell Grece,4:14 PM,5:21 PM,2,Yuan Renminbi,Park Avenue,35,Sunny,
885,517,Rhoda Featherstonehaugh,6:23 PM,11:30 AM,26,Bolivar,Park Avenue,42,Rainy,
886,675,Kevon Beri,10:15 AM,10:17 AM,50,Afghani,Elm Road,49,Rainy,
887,518,Killy Ortas,10:22 PM,12:29 PM,1,Forint,Main Street,5,Rainy,
888,794,Zared Swane,3:13 AM,4:46 AM,4,Dollar,Main Street,13,Snowy,
889,920,Quentin Mouan,12:51 AM,3:09 PM,46,Pound,Park Avenue,57,Snowy,
890,890,Hershel Pache,1:44 AM,5:32 PM,32,Yuan Renminbi,Park Avenue,4,Sunny,
891,559,Leodora Ellson,10:00 PM,10:11 AM,42,Euro,Park Avenue,47,Sunny,
892,340,Marcelia Lorman,7:57 AM,7:45 AM,7,Rupiah,Main Street,41,Rainy,
893,239,Darb Eyckelbeck,12:44 PM,7:58 AM,29,Dollar,Elm Road,8,Rainy,
894,747,Stanley Jordeson,12:57 PM,7:16 PM,42,Lev,Park Avenue,22,Snowy,
895,114,Ernesto Vassar,1:44 PM,10:29 AM,22,Rupiah,Elm Road,22,Rainy,
896,134,Kalinda Pettet,1:42 AM,8:12 AM,24,Peso,Elm Road,27,Snowy,
897,941,Wilhelm Womack,2:10 AM,6:01 AM,7,Yuan Renminbi,Main Street,60,Rainy,
898,111,Lina Coupe,6:10 PM,9:52 AM,48,Ariary,Main Street,12,Rainy,
899,596,Ashlee Judron,2:41 AM,2:33 PM,34,Baht,Main Street,32,Sunny,
900,911,Radcliffe Shankle,5:10 PM,5:28 PM,22,Naira,Elm Road,24,Rainy,
901,664,Romola Wainman,4:10 AM,8:15 AM,13,Zloty,Main Street,53,Snowy,
902,636,Lucius Steane,11:23 PM,12:56 PM,24,Balboa,Main Street,25,Sunny,
903,807,Roarke Odda,11:09 AM,12:36 AM,40,Ruble,Main Street,22,Rainy,
904,526,Sherye Thomasen,4:06 PM,11:25 PM,2,Dollar,Park Avenue,32,Sunny,
905,738,Rawley Coghlin,2:31 PM,10:40 AM,11,Euro,Main Street,43,Snowy,
906,420,Rachael Sperling,1:49 AM,7:39 PM,8,Yuan Renminbi,Elm Road,7,Sunny,
907,116,Jessee Calterone,10:40 PM,6:54 PM,27,Ruble,Main Street,20,Sunny,
908,975,Erika Lefever,5:55 PM,4:38 AM,45,Dirham,Elm Road,0,Sunny,
909,426,Jarrod Budibent,8:11 AM,2:54 AM,8,Rupiah,Park Avenue,33,Sunny,
910,429,Kiley Gosforth,8:50 PM,1:50 PM,36,Yuan Renminbi,Main Street,47,Sunny,
911,734,Anderson Wix,10:06 AM,5:57 PM,18,Peso,Elm Road,53,Sunny,
912,793,Chariot Phibb,7:12 PM,2:11 AM,31,Marka,Park Avenue,51,Sunny,
913,618,Cornall Greve,3:03 AM,1:16 AM,6,Ruble,Park Avenue,28,Snowy,
914,321,Thedrick Pendre,2:14 PM,3:47 PM,44,Rupiah,Park Avenue,26,Rainy,
915,31,Retha Garrud,4:47 PM,2:28 PM,4,Euro,Elm Road,51,Rainy,
916,819,Olvan Brecknell,10:40 PM,1:58 AM,50,Yuan Renminbi,Elm Road,35,Snowy,
917,814,Aguistin Flanner,10:31 AM,8:29 AM,35,Ruble,Park Avenue,14,Snowy,
918,499,Ilyssa Sworne,12:09 PM,1:55 AM,8,Euro,Park Avenue,36,Snowy,
919,841,Dody Rides,2:44 AM,7:37 AM,7,Dollar,Elm Road,18,Sunny,
920,757,Franz Verbeek,11:04 PM,9:11 PM,13,Ruble,Park Avenue,41,Rainy,
921,565,Kassey Bryce,2:39 AM,2:12 AM,24,Rupiah,Main Street,44,Sunny,
922,325,Orel Solan,2:29 PM,7:41 AM,18,Dollar,Park Avenue,4,Sunny,
923,950,Dyana Hotson,1:47 AM,1:12 PM,42,Sol,Park Avenue,58,Sunny,
924,367,Gale Thirlwall,3:43 PM,8:47 AM,6,Yuan Renminbi,Park Avenue,60,Sunny,
925,517,Conchita Semechik,8:24 PM,1:02 PM,30,Shilling,Main Street,1,Rainy,
926,680,Farand Kitchaside,2:42 PM,11:12 PM,3,Ruble,Main Street,8,Rainy,
927,708,Galina Musselwhite,1:42 AM,2:51 AM,43,Peso,Park Avenue,4,Sunny,
928,733,Earlie Clague,9:47 PM,12:39 AM,37,Yuan Renminbi,Park Avenue,44,Sunny,
929,211,Ban Cahani,7:35 AM,10:52 AM,42,Cordoba,Elm Road,33,Rainy,
930,712,Heinrick Jarratt,2:52 PM,12:44 PM,20,Denar,Park Avenue,57,Sunny,
931,40,Ainsley Brookes,2:47 AM,7:10 PM,8,Peso,Main Street,42,Rainy,
932,278,Anastasie Bold,1:02 AM,9:21 PM,30,Zloty,Park Avenue,2,Sunny,
933,606,Kathrine Balloch,4:31 AM,8:38 PM,48,Shekel,Elm Road,36,Snowy,
934,964,Bobbee Bragginton,9:22 PM,4:32 AM,10,Yuan Renminbi,Main Street,25,Rainy,
935,426,Merl Chadney,4:28 PM,8:03 AM,21,Rupiah,Park Avenue,25,Snowy,
936,628,Hussein Kingsworth,6:36 PM,6:23 AM,10,Franc,Park Avenue,15,Snowy,
937,12,Bonny Durrance,2:03 AM,10:46 AM,44,Peso,Main Street,24,Rainy,
938,350,Solly Dandison,9:33 AM,5:26 AM,50,Bolivar,Main Street,57,Sunny,
939,618,Ammamaria Poone,3:47 AM,8:14 PM,43,Peso,Park Avenue,15,Rainy,
940,508,Mersey Nevinson,8:13 PM,2:59 AM,38,Euro,Elm Road,2,Snowy,
941,423,Dela Pleasance,8:56 PM,4:47 PM,45,Yuan Renminbi,Park Avenue,41,Snowy,
942,389,Sigrid Nitti,12:58 PM,9:48 AM,14,Dinar,Park Avenue,33,Rainy,
943,199,Othello Ebbutt,5:03 AM,3:27 PM,45,Yuan Renminbi,Elm Road,36,Rainy,
944,977,Stavros Cosin,6:05 AM,12:26 PM,49,Rupiah,Elm Road,23,Sunny,
945,127,Gregoor Losebie,1:18 PM,8:35 PM,33,Real,Park Avenue,15,Sunny,
946,469,Daile Bonavia,11:37 PM,7:38 PM,9,Rupiah,Elm Road,18,Rainy,
947,365,Ange Haws,6:31 PM,11:56 PM,28,Ringgit,Park Avenue,14,Rainy,
948,400,Kessia Manville,2:59 PM,6:54 AM,36,Rupiah,Elm Road,60,Snowy,
949,815,Phebe Twentyman,6:56 PM,10:40 PM,4,Real,Park Avenue,39,Rainy,
950,606,Hannie Cases,10:10 PM,7:29 PM,3,Euro,Main Street,29,Snowy,
951,440,Phillipe Klimus,11:39 PM,12:54 PM,5,Tenge,Elm Road,36,Rainy,
952,542,Gill Mill,7:00 PM,11:06 AM,43,Dollar,Elm Road,59,Rainy,
953,985,Darleen Bonehill,3:12 PM,10:38 AM,43,Koruna,Park Avenue,36,Sunny,
954,209,Gregorius Colleymore,11:56 AM,6:01 PM,28,Zloty,Elm Road,47,Sunny,
955,35,Warde Naulty,4:00 PM,11:09 AM,33,Euro,Park Avenue,9,Snowy,
956,41,Ilysa Svanini,10:32 PM,1:02 AM,16,Quetzal,Park Avenue,40,Snowy,
957,58,Goldarina Ealam,12:18 PM,6:23 PM,45,Cedi,Park Avenue,32,Snowy,
958,840,Cecelia Enderby,5:29 PM,1:53 PM,34,Rupiah,Park Avenue,26,Rainy,
959,163,Alexandre Butteris,4:39 PM,6:41 AM,4,Yuan Renminbi,Elm Road,32,Snowy,
960,841,Cyb Ramelet,12:07 AM,6:50 AM,44,Krona,Main Street,27,Snowy,
961,157,Devinne Lamanby,5:22 AM,8:05 PM,1,Rupiah,Elm Road,26,Sunny,
962,967,Tamma Coldridge,3:57 PM,10:31 AM,44,Dollar,Park Avenue,12,Snowy,
963,166,Bobine Balshaw,11:26 PM,12:41 PM,40,Rupiah,Park Avenue,10,Snowy,
964,540,Rudolfo Schachter,5:45 AM,6:01 PM,25,Ruble,Park Avenue,24,Sunny,
965,883,Pippy Klug,9:56 AM,4:40 AM,7,Rupiah,Elm Road,37,Sunny,
966,406,Cob Taylo,7:55 PM,7:30 PM,27,Krona,Elm Road,52,Snowy,
967,402,Giacinta Cutten,8:23 AM,12:14 AM,29,Dollar,Main Street,58,Snowy,
968,891,Maximilian Walden,5:51 AM,4:44 PM,4,Krona,Elm Road,13,Rainy,
969,119,Mart Braga,5:30 PM,6:45 PM,26,Yuan Renminbi,Elm Road,6,Rainy,
970,18,Jerrilee Wanden,3:38 AM,2:11 PM,15,Dollar,Main Street,3,Rainy,
971,520,Dennie MacGibbon,4:09 AM,5:54 PM,6,Zloty,Elm Road,38,Sunny,
972,405,Yolande Panons,11:13 AM,11:12 AM,3,Yen,Main Street,26,Rainy,
973,585,Wren Heddy,2:43 PM,9:41 PM,29,Dollar,Main Street,29,Rainy,
974,347,Pryce Creigan,4:34 AM,6:53 AM,28,Real,Main Street,56,Sunny,
975,75,Marion Boyett,8:51 AM,12:17 AM,18,Euro,Park Avenue,2,Rainy,
976,161,Curr Mansford,4:18 PM,11:36 AM,25,Yuan Renminbi,Main Street,36,Rainy,
977,651,Delora Winpenny,10:42 AM,6:48 AM,21,Dinar,Park Avenue,3,Rainy,
978,411,Jeffrey Kitt,2:26 PM,1:12 AM,27,Yuan Renminbi,Park Avenue,49,Rainy,
979,234,Aigneis Loughlan,8:31 PM,7:56 AM,40,Yuan Renminbi,Park Avenue,41,Rainy,
980,309,Laurent Kabisch,9:50 AM,1:41 AM,11,Tugrik,Main Street,2,Snowy,
981,210,Tito Stean,4:36 PM,4:11 PM,0,Yuan Renminbi,Main Street,10,Rainy,
982,306,Roddie Storrier,10:42 AM,7:53 PM,23,Rupiah,Elm Road,48,Sunny,
983,197,Alex Dunridge,12:53 PM,9:53 AM,42,Yuan Renminbi,Main Street,56,Snowy,
984,155,Kelley O'Corr,7:02 AM,12:52 AM,11,Yuan Renminbi,Park Avenue,57,Snowy,
985,538,Artie Toffel,6:30 PM,10:45 AM,10,Real,Main Street,4,Snowy,
986,861,Ronni Greatland,12:16 PM,7:12 PM,21,Marka,Elm Road,40,Rainy,
987,308,Chance Melluish,3:10 AM,1:38 AM,30,Franc,Elm Road,24,Rainy,
988,40,Moss Gherardini,10:04 PM,7:58 PM,13,Ruble,Elm Road,36,Snowy,
989,978,Konstantin Chattington,2:32 AM,4:20 AM,2,Rial,Main Street,22,Snowy,
990,242,Em Chattock,7:03 PM,1:55 PM,16,Rupee,Elm Road,50,Sunny,
991,65,William Slatter,2:49 PM,11:39 AM,27,Naira,Elm Road,46,Sunny,
992,581,Adriena Bamford,4:53 AM,12:12 PM,11,Yuan Renminbi,Park Avenue,31,Sunny,
993,815,Aleta Pickard,4:42 PM,10:39 PM,28,Peso,Main Street,28,Sunny,
994,725,Dieter Kalinsky,9:25 AM,5:05 AM,39,Yuan Renminbi,Elm Road,14,Rainy,
995,64,Alvy Laytham,8:22 PM,12:34 PM,39,Yen,Main Street,42,Snowy,
996,290,Myrwyn Connochie,9:01 AM,7:36 AM,1,Zloty,Main Street,3,Sunny,
997,215,Genvieve Sallter,10:04 AM,12:32 AM,26,Rupiah,Main Street,54,Rainy,
998,495,Gilbertine Senescall,4:19 AM,9:45 AM,38,Krona,Elm Road,45,Rainy,
999,605,Alfons Leopold,12:54 AM,8:49 AM,49,Franc,Main Street,9,Rainy,
1000,186,Rab Teasdale-Markie,8:13 AM,8:06 AM,21,Rupiah,Main Street,16,Snowy,
